Day,Date,Month,Year,DSWR,FRBD,GZBD,GALI
3,01,01,2015,-1,-1,42,91
4,02,01,2015,93,27,01,39
5,03,01,2015,28,89,61,94
6,04,01,2015,78,07,30,01
0,05,01,2015,24,74,04,93
1,06,01,2015,12,93,92,42
2,07,01,2015,93,81,60,44
3,08,01,2015,68,77,52,60
4,09,01,2015,94,50,65,19
5,10,01,2015,24,80,96,66
6,11,01,2015,83,67,34,30
0,12,01,2015,30,50,61,88
1,13,01,2015,40,93,69,66
2,14,01,2015,47,04,47,18
3,15,01,2015,43,63,87,44
4,16,01,2015,42,82,70,17
5,17,01,2015,57,67,04,86
6,18,01,2015,67,01,69,62
0,19,01,2015,50,32,69,57
1,20,01,2015,87,71,65,93
2,21,01,2015,17,19,25,62
3,22,01,2015,75,25,01,61
4,23,01,2015,04,54,27,81
5,24,01,2015,62,17,35,60
6,25,01,2015,15,28,19,56
0,26,01,2015,08,00,90,57
1,27,01,2015,57,30,85,99
2,28,01,2015,38,87,65,35
3,29,01,2015,35,77,92,98
4,30,01,2015,42,36,75,56
5,31,01,2015,74,91,-1,-1
6,01,02,2015,-1,-1,61,90
0,02,02,2015,67,18,23,37
1,03,02,2015,40,49,80,02
2,04,02,2015,81,23,72,99
3,05,02,2015,81,24,49,16
4,06,02,2015,51,33,77,88
5,07,02,2015,98,56,09,83
6,08,02,2015,12,36,39,34
0,09,02,2015,57,54,22,70
1,10,02,2015,47,64,97,89
2,11,02,2015,75,32,89,92
3,12,02,2015,49,15,22,18
4,13,02,2015,97,21,84,02
5,14,02,2015,51,17,96,25
6,15,02,2015,54,44,52,54
0,16,02,2015,38,20,59,20
1,17,02,2015,06,51,84,90
2,18,02,2015,54,70,03,54
3,19,02,2015,94,56,00,39
4,20,02,2015,66,32,26,00
5,21,02,2015,03,83,19,89
6,22,02,2015,80,31,62,44
0,23,02,2015,87,37,28,12
1,24,02,2015,93,60,64,83
2,25,02,2015,39,37,03,77
3,26,02,2015,47,29,74,29
4,27,02,2015,63,60,17,69
5,28,02,2015,30,49,-1,-1
6,01,03,2015,-1,-1,75,55
0,02,03,2015,29,38,66,37
1,03,03,2015,08,67,24,28
2,04,03,2015,13,67,66,23
3,05,03,2015,77,67,81,04
4,06,03,2015,21,64,91,74
5,07,03,2015,06,29,85,87
6,08,03,2015,04,73,59,48
0,09,03,2015,16,33,63,32
1,10,03,2015,37,53,61,00
2,11,03,2015,66,40,31,96
3,12,03,2015,68,12,05,36
4,13,03,2015,11,25,21,92
5,14,03,2015,46,29,91,16
6,15,03,2015,81,12,67,92
0,16,03,2015,49,94,56,56
1,17,03,2015,62,74,99,21
2,18,03,2015,71,75,75,23
3,19,03,2015,06,40,73,88
4,20,03,2015,97,75,50,96
5,21,03,2015,71,64,17,37
6,22,03,2015,45,04,31,20
0,23,03,2015,31,56,43,00
1,24,03,2015,87,85,71,14
2,25,03,2015,73,62,20,60
3,26,03,2015,86,91,56,13
4,27,03,2015,84,14,75,06
5,28,03,2015,11,02,62,50
6,29,03,2015,62,02,06,16
0,30,03,2015,86,30,59,52
1,31,03,2015,53,66,-1,-1
2,01,04,2015,-1,-1,55,60
3,02,04,2015,99,35,89,57
4,03,04,2015,68,55,15,20
5,04,04,2015,98,97,09,46
6,05,04,2015,61,38,80,48
0,06,04,2015,77,71,38,72
1,07,04,2015,76,52,79,78
2,08,04,2015,02,91,40,62
3,09,04,2015,62,31,87,37
4,10,04,2015,54,19,88,30
5,11,04,2015,34,49,84,20
6,12,04,2015,95,30,89,82
0,13,04,2015,52,94,08,44
1,14,04,2015,93,59,96,98
2,15,04,2015,08,50,19,28
3,16,04,2015,66,89,07,49
4,17,04,2015,78,72,94,45
5,18,04,2015,55,84,25,12
6,19,04,2015,63,43,55,95
0,20,04,2015,11,36,55,94
1,21,04,2015,75,70,91,76
2,22,04,2015,69,97,09,28
3,23,04,2015,21,19,83,12
4,24,04,2015,52,95,96,19
5,25,04,2015,19,70,95,32
6,26,04,2015,75,87,60,73
0,27,04,2015,49,93,88,28
1,28,04,2015,96,71,59,63
2,29,04,2015,07,88,33,94
3,30,04,2015,05,32,-1,-1
4,01,05,2015,-1,-1,36,84
5,02,05,2015,53,84,70,00
6,03,05,2015,14,05,46,40
0,04,05,2015,03,28,91,68
1,05,05,2015,88,04,76,63
2,06,05,2015,91,03,34,36
3,07,05,2015,40,06,06,95
4,08,05,2015,53,25,62,36
5,09,05,2015,73,04,15,46
6,10,05,2015,95,42,82,87
0,11,05,2015,45,01,11,67
1,12,05,2015,73,58,85,72
2,13,05,2015,73,85,07,61
3,14,05,2015,82,51,43,70
4,15,05,2015,89,78,07,59
5,16,05,2015,53,82,04,10
6,17,05,2015,87,81,61,52
0,18,05,2015,23,16,38,63
1,19,05,2015,43,52,10,48
2,20,05,2015,90,40,62,30
3,21,05,2015,90,14,08,01
4,22,05,2015,50,61,45,35
5,23,05,2015,69,04,10,17
6,24,05,2015,77,47,31,10
0,25,05,2015,84,89,67,48
1,26,05,2015,35,47,86,52
2,27,05,2015,06,22,82,17
3,28,05,2015,29,06,67,40
4,29,05,2015,88,55,27,23
5,30,05,2015,24,68,24,98
6,31,05,2015,24,96,-1,-1
0,01,06,2015,-1,-1,86,96
1,02,06,2015,89,31,15,01
2,03,06,2015,74,95,93,71
3,04,06,2015,15,71,53,27
4,05,06,2015,00,80,32,18
5,06,06,2015,80,37,54,67
6,07,06,2015,69,68,91,14
0,08,06,2015,67,29,22,98
1,09,06,2015,41,95,44,61
2,10,06,2015,31,17,64,94
3,11,06,2015,14,36,54,04
4,12,06,2015,30,11,24,64
5,13,06,2015,77,81,61,93
6,14,06,2015,32,89,03,04
0,15,06,2015,24,33,83,62
1,16,06,2015,60,29,22,54
2,17,06,2015,23,89,70,14
3,18,06,2015,95,10,32,02
4,19,06,2015,49,33,79,14
5,20,06,2015,91,97,38,34
6,21,06,2015,92,90,98,38
0,22,06,2015,30,31,75,46
1,23,06,2015,09,22,27,35
2,24,06,2015,83,53,48,36
3,25,06,2015,14,15,99,08
4,26,06,2015,51,92,28,90
5,27,06,2015,18,62,15,29
6,28,06,2015,89,15,25,63
0,29,06,2015,31,80,79,51
1,30,06,2015,15,25,-1,-1
2,01,07,2015,-1,-1,77,28
3,02,07,2015,61,38,85,17
4,03,07,2015,49,24,55,38
5,04,07,2015,31,38,21,21
6,05,07,2015,58,01,94,26
0,06,07,2015,55,44,86,01
1,07,07,2015,24,25,08,84
2,08,07,2015,91,86,84,02
3,09,07,2015,07,25,79,75
4,10,07,2015,96,22,44,57
5,11,07,2015,44,51,01,29
6,12,07,2015,32,82,80,95
0,13,07,2015,47,48,07,21
1,14,07,2015,64,08,60,46
2,15,07,2015,99,41,20,90
3,16,07,2015,80,56,24,42
4,17,07,2015,14,52,14,60
5,18,07,2015,92,05,61,58
6,19,07,2015,40,58,28,24
0,20,07,2015,70,10,99,48
1,21,07,2015,60,61,95,70
2,22,07,2015,74,35,66,24
3,23,07,2015,97,65,44,58
4,24,07,2015,72,09,41,74
5,25,07,2015,53,89,73,76
6,26,07,2015,63,89,84,60
0,27,07,2015,02,41,78,48
1,28,07,2015,00,69,95,95
2,29,07,2015,32,58,45,52
3,30,07,2015,27,21,17,06
4,31,07,2015,87,53,-1,-1
5,01,08,2015,-1,96,62,98
6,02,08,2015,61,80,88,95
0,03,08,2015,92,01,42,89
1,04,08,2015,54,33,70,50
2,05,08,2015,99,05,69,65
3,06,08,2015,35,97,65,76
4,07,08,2015,92,19,21,99
5,08,08,2015,98,19,13,13
6,09,08,2015,79,93,26,33
0,10,08,2015,84,24,59,75
1,11,08,2015,28,23,73,24
2,12,08,2015,00,24,91,69
3,13,08,2015,53,64,18,74
4,14,08,2015,19,12,57,54
5,15,08,2015,12,45,33,91
6,16,08,2015,35,38,07,58
0,17,08,2015,57,46,67,63
1,18,08,2015,38,66,04,58
2,19,08,2015,37,41,90,76
3,20,08,2015,18,33,23,33
4,21,08,2015,77,96,43,76
5,22,08,2015,31,27,81,16
6,23,08,2015,99,64,31,70
0,24,08,2015,36,16,28,28
1,25,08,2015,53,36,06,43
2,26,08,2015,62,04,02,59
3,27,08,2015,13,15,48,03
4,28,08,2015,17,41,16,59
5,29,08,2015,95,10,09,65
6,30,08,2015,59,21,79,70
0,31,08,2015,02,-1,-1,-1
1,01,09,2015,-1,91,41,06
2,02,09,2015,96,15,20,04
3,03,09,2015,72,97,72,41
4,04,09,2015,28,25,66,88
5,05,09,2015,31,47,76,15
6,06,09,2015,72,90,88,81
0,07,09,2015,75,40,40,15
1,08,09,2015,83,74,64,38
2,09,09,2015,68,12,43,71
3,10,09,2015,64,47,97,10
4,11,09,2015,14,97,33,09
5,12,09,2015,66,35,25,68
6,13,09,2015,55,47,17,25
0,14,09,2015,06,65,00,45
1,15,09,2015,79,37,45,04
2,16,09,2015,18,12,89,33
3,17,09,2015,29,81,90,05
4,18,09,2015,69,69,30,26
5,19,09,2015,30,04,68,36
6,20,09,2015,03,76,69,30
0,21,09,2015,37,48,42,81
1,22,09,2015,05,64,65,67
2,23,09,2015,29,43,16,01
3,24,09,2015,36,81,85,44
4,25,09,2015,81,04,64,18
5,26,09,2015,89,00,58,65
6,27,09,2015,89,97,82,04
0,28,09,2015,36,83,84,71
1,29,09,2015,83,11,73,21
2,30,09,2015,43,-1,-1,-1
3,01,10,2015,-1,07,60,33
4,02,10,2015,28,37,88,74
5,03,10,2015,71,56,20,81
6,04,10,2015,41,42,55,44
0,05,10,2015,35,42,86,58
1,06,10,2015,25,37,68,94
2,07,10,2015,81,48,82,43
3,08,10,2015,48,80,59,61
4,09,10,2015,02,85,28,68
5,10,10,2015,41,95,58,60
6,11,10,2015,18,39,56,77
0,12,10,2015,09,31,16,10
1,13,10,2015,02,76,35,67
2,14,10,2015,32,97,26,97
3,15,10,2015,06,31,14,73
4,16,10,2015,74,30,50,44
5,17,10,2015,61,56,40,61
6,18,10,2015,12,83,02,87
0,19,10,2015,54,20,80,85
1,20,10,2015,96,40,30,87
2,21,10,2015,64,21,76,85
3,22,10,2015,45,27,30,79
4,23,10,2015,43,62,48,54
5,24,10,2015,69,06,99,82
6,25,10,2015,68,22,42,79
0,26,10,2015,49,33,21,91
1,27,10,2015,76,47,50,43
2,28,10,2015,42,02,91,22
3,29,10,2015,09,93,16,66
4,30,10,2015,24,51,91,15
5,31,10,2015,81,-1,-1,-1
6,01,11,2015,-1,72,94,24
0,02,11,2015,03,09,40,89
1,03,11,2015,24,62,97,13
2,04,11,2015,95,93,89,96
3,05,11,2015,70,82,06,10
4,06,11,2015,06,25,69,80
5,07,11,2015,62,12,53,83
6,08,11,2015,00,96,56,26
0,09,11,2015,42,89,52,67
1,10,11,2015,62,49,25,49
2,11,11,2015,19,56,87,37
3,12,11,2015,43,30,77,82
4,13,11,2015,19,10,65,43
5,14,11,2015,67,08,33,40
6,15,11,2015,28,82,59,38
0,16,11,2015,00,28,38,86
1,17,11,2015,19,75,85,85
2,18,11,2015,79,82,44,70
3,19,11,2015,58,84,81,32
4,20,11,2015,80,51,92,52
5,21,11,2015,49,07,86,95
6,22,11,2015,07,99,32,88
0,23,11,2015,61,41,06,19
1,24,11,2015,50,28,35,17
2,25,11,2015,97,42,93,59
3,26,11,2015,35,88,09,39
4,27,11,2015,43,09,55,13
5,28,11,2015,80,85,08,63
6,29,11,2015,73,15,31,75
0,30,11,2015,06,-1,-1,-1
1,01,12,2015,-1,07,21,23
2,02,12,2015,13,70,60,71
3,03,12,2015,51,97,87,22
4,04,12,2015,61,55,96,97
5,05,12,2015,61,81,81,57
6,06,12,2015,71,96,93,42
0,07,12,2015,46,37,61,50
1,08,12,2015,74,94,59,26
2,09,12,2015,86,80,80,07
3,10,12,2015,73,72,17,02
4,11,12,2015,17,76,92,99
5,12,12,2015,46,80,13,08
6,13,12,2015,24,74,76,74
0,14,12,2015,17,44,23,65
1,15,12,2015,73,05,02,13
2,16,12,2015,54,88,05,82
3,17,12,2015,50,29,13,45
4,18,12,2015,44,09,91,44
5,19,12,2015,84,71,37,21
6,20,12,2015,74,30,09,64
0,21,12,2015,58,73,94,23
1,22,12,2015,04,57,18,40
2,23,12,2015,33,18,10,07
3,24,12,2015,92,57,05,45
4,25,12,2015,28,27,41,42
5,26,12,2015,77,97,46,51
6,27,12,2015,04,94,21,92
0,28,12,2015,84,57,49,96
1,29,12,2015,19,67,49,11
2,30,12,2015,59,21,65,73
3,31,12,2015,73,-1,-1,-1
4,01,01,2016,-1,14,93,40
5,02,01,2016,92,51,49,65
6,03,01,2016,77,88,58,71
0,04,01,2016,36,10,18,74
1,05,01,2016,44,57,20,69
2,06,01,2016,26,15,45,90
3,07,01,2016,76,11,26,66
4,08,01,2016,41,78,20,85
5,09,01,2016,58,14,20,59
6,10,01,2016,30,72,56,07
0,11,01,2016,45,87,96,01
1,12,01,2016,57,89,52,85
2,13,01,2016,72,96,52,01
3,14,01,2016,51,57,80,22
4,15,01,2016,25,95,14,65
5,16,01,2016,21,84,35,81
6,17,01,2016,59,81,87,18
0,18,01,2016,35,52,47,39
1,19,01,2016,12,89,49,78
2,20,01,2016,70,26,68,87
3,21,01,2016,13,65,09,52
4,22,01,2016,89,62,62,09
5,23,01,2016,60,76,28,61
6,24,01,2016,42,51,34,18
0,25,01,2016,11,68,29,48
1,26,01,2016,43,56,22,51
2,27,01,2016,99,93,45,56
3,28,01,2016,79,18,48,22
4,29,01,2016,95,95,17,22
5,30,01,2016,33,06,62,84
6,31,01,2016,90,-1,-1,-1
0,01,02,2016,-1,88,40,79
1,02,02,2016,49,48,39,66
2,03,02,2016,92,47,05,94
3,04,02,2016,89,40,92,72
4,05,02,2016,42,01,93,91
5,06,02,2016,91,17,27,25
6,07,02,2016,71,99,03,49
0,08,02,2016,39,30,83,15
1,09,02,2016,71,83,03,67
2,10,02,2016,25,22,86,11
3,11,02,2016,92,34,57,38
4,12,02,2016,86,63,10,92
5,13,02,2016,15,28,07,27
6,14,02,2016,84,06,66,67
0,15,02,2016,41,30,78,55
1,16,02,2016,33,07,83,93
2,17,02,2016,66,90,47,43
3,18,02,2016,46,07,88,46
4,19,02,2016,88,68,82,47
5,20,02,2016,43,30,14,41
6,21,02,2016,06,18,65,30
0,22,02,2016,46,02,94,01
1,23,02,2016,12,37,20,86
2,24,02,2016,49,88,46,80
3,25,02,2016,33,96,26,89
4,26,02,2016,35,20,73,66
5,27,02,2016,20,37,60,09
6,28,02,2016,31,65,08,36
0,29,02,2016,76,-1,-1,-1
1,01,03,2016,-1,45,68,48
2,02,03,2016,72,71,17,08
3,03,03,2016,58,11,17,75
4,04,03,2016,17,60,90,04
5,05,03,2016,83,20,06,25
6,06,03,2016,84,93,23,22
0,07,03,2016,90,78,82,26
1,08,03,2016,96,12,39,98
2,09,03,2016,81,85,58,38
3,10,03,2016,40,83,93,90
4,11,03,2016,38,95,37,14
5,12,03,2016,86,83,94,45
6,13,03,2016,23,91,83,07
0,14,03,2016,94,35,57,30
1,15,03,2016,49,60,63,72
2,16,03,2016,25,14,95,85
3,17,03,2016,66,24,35,52
4,18,03,2016,23,11,03,05
5,19,03,2016,36,23,95,87
6,20,03,2016,65,00,00,39
0,21,03,2016,68,71,93,84
1,22,03,2016,93,35,60,15
2,23,03,2016,15,11,73,97
3,24,03,2016,93,65,11,47
4,25,03,2016,87,14,40,17
5,26,03,2016,09,89,94,69
6,27,03,2016,40,65,59,92
0,28,03,2016,09,62,10,41
1,29,03,2016,55,83,26,42
2,30,03,2016,19,68,03,64
3,31,03,2016,46,-1,-1,-1
4,01,04,2016,-1,39,58,51
5,02,04,2016,87,21,29,87
6,03,04,2016,99,20,52,71
0,04,04,2016,82,26,72,01
1,05,04,2016,03,72,65,91
2,06,04,2016,22,33,57,37
3,07,04,2016,38,91,61,51
4,08,04,2016,00,44,52,63
5,09,04,2016,17,95,41,39
6,10,04,2016,90,81,64,99
0,11,04,2016,22,41,60,88
1,12,04,2016,90,44,41,52
2,13,04,2016,82,24,84,96
3,14,04,2016,28,47,71,96
4,15,04,2016,76,61,10,97
5,16,04,2016,83,28,69,07
6,17,04,2016,47,16,57,31
0,18,04,2016,07,71,46,61
1,19,04,2016,36,28,27,13
2,20,04,2016,95,57,42,85
3,21,04,2016,01,60,54,04
4,22,04,2016,92,45,57,99
5,23,04,2016,64,24,78,51
6,24,04,2016,62,13,97,29
0,25,04,2016,28,28,12,64
1,26,04,2016,38,84,79,29
2,27,04,2016,07,54,98,29
3,28,04,2016,35,99,47,83
4,29,04,2016,04,70,79,28
5,30,04,2016,27,-1,-1,-1
6,01,05,2016,-1,11,88,39
0,02,05,2016,48,55,55,97
1,03,05,2016,21,68,75,55
2,04,05,2016,70,99,40,54
3,05,05,2016,25,61,57,61
4,06,05,2016,29,76,44,20
5,07,05,2016,75,05,16,28
6,08,05,2016,47,68,66,68
0,09,05,2016,15,08,04,01
1,10,05,2016,13,74,80,60
2,11,05,2016,08,16,10,78
3,12,05,2016,79,50,72,42
4,13,05,2016,27,12,30,73
5,14,05,2016,98,41,20,13
6,15,05,2016,47,79,83,21
0,16,05,2016,72,54,69,55
1,17,05,2016,82,67,89,79
2,18,05,2016,62,73,25,59
3,19,05,2016,15,22,00,76
4,20,05,2016,21,87,56,50
5,21,05,2016,38,68,88,52
6,22,05,2016,98,05,54,65
0,23,05,2016,94,50,56,58
1,24,05,2016,69,50,22,53
2,25,05,2016,25,98,86,60
3,26,05,2016,98,70,33,46
4,27,05,2016,58,51,40,31
5,28,05,2016,99,54,16,06
6,29,05,2016,62,44,18,52
0,30,05,2016,94,08,68,11
1,31,05,2016,76,-1,-1,-1
2,01,06,2016,-1,22,99,14
3,02,06,2016,02,14,70,02
4,03,06,2016,76,14,64,82
5,04,06,2016,07,73,36,37
6,05,06,2016,79,43,80,29
0,06,06,2016,41,71,97,37
1,07,06,2016,19,16,33,78
2,08,06,2016,29,93,92,03
3,09,06,2016,87,25,44,84
4,10,06,2016,71,85,13,87
5,11,06,2016,65,19,00,46
6,12,06,2016,19,80,06,60
0,13,06,2016,99,60,35,44
1,14,06,2016,39,71,32,30
2,15,06,2016,55,64,50,63
3,16,06,2016,43,65,60,29
4,17,06,2016,67,80,51,80
5,18,06,2016,33,63,97,32
6,19,06,2016,31,52,02,37
0,20,06,2016,24,93,60,02
1,21,06,2016,23,88,79,36
2,22,06,2016,30,52,02,17
3,23,06,2016,76,94,92,33
4,24,06,2016,23,10,84,48
5,25,06,2016,84,70,46,04
6,26,06,2016,57,27,82,30
0,27,06,2016,31,58,24,80
1,28,06,2016,60,64,94,60
2,29,06,2016,53,69,27,81
3,30,06,2016,79,-1,-1,-1
4,01,07,2016,-1,93,10,32
5,02,07,2016,69,93,82,46
6,03,07,2016,06,91,98,36
0,04,07,2016,27,85,04,04
1,05,07,2016,50,13,31,63
2,06,07,2016,41,94,50,23
3,07,07,2016,15,53,53,69
4,08,07,2016,62,57,43,58
5,09,07,2016,49,98,73,09
6,10,07,2016,03,53,85,62
0,11,07,2016,97,00,75,85
1,12,07,2016,63,97,71,45
2,13,07,2016,24,17,94,94
3,14,07,2016,20,79,12,84
4,15,07,2016,90,87,43,09
5,16,07,2016,12,53,27,74
6,17,07,2016,01,49,14,72
0,18,07,2016,19,56,90,85
1,19,07,2016,17,77,39,06
2,20,07,2016,69,28,08,48
3,21,07,2016,14,48,14,46
4,22,07,2016,45,14,84,17
5,23,07,2016,54,68,56,35
6,24,07,2016,80,67,66,84
0,25,07,2016,34,94,81,58
1,26,07,2016,93,55,94,16
2,27,07,2016,01,91,63,93
3,28,07,2016,57,19,41,16
4,29,07,2016,09,97,74,50
5,30,07,2016,86,20,39,74
6,31,07,2016,63,-1,-1,-1
0,01,08,2016,-1,10,96,33
1,02,08,2016,91,18,17,27
2,03,08,2016,86,20,99,87
3,04,08,2016,94,70,88,81
4,05,08,2016,41,42,68,05
5,06,08,2016,86,98,98,22
6,07,08,2016,98,42,32,40
0,08,08,2016,63,24,82,00
1,09,08,2016,52,04,34,23
2,10,08,2016,60,79,55,93
3,11,08,2016,34,77,90,60
4,12,08,2016,03,24,57,71
5,13,08,2016,50,25,53,20
6,14,08,2016,91,62,70,79
0,15,08,2016,33,11,58,97
1,16,08,2016,86,06,41,11
2,17,08,2016,87,06,38,59
3,18,08,2016,03,08,47,11
4,19,08,2016,32,03,78,78
5,20,08,2016,76,43,81,59
6,21,08,2016,71,28,42,23
0,22,08,2016,57,11,87,50
1,23,08,2016,79,04,74,88
2,24,08,2016,72,52,21,78
3,25,08,2016,67,17,39,17
4,26,08,2016,63,05,75,26
5,27,08,2016,40,86,21,71
6,28,08,2016,85,43,88,68
0,29,08,2016,61,75,17,08
1,30,08,2016,33,80,01,32
2,31,08,2016,58,-1,-1,-1
3,01,09,2016,-1,72,62,61
4,02,09,2016,62,06,55,11
5,03,09,2016,41,64,59,07
6,04,09,2016,62,87,56,32
0,05,09,2016,70,17,48,04
1,06,09,2016,98,46,73,61
2,07,09,2016,46,52,56,35
3,08,09,2016,45,13,04,47
4,09,09,2016,22,35,03,44
5,10,09,2016,93,18,74,24
6,11,09,2016,46,00,22,08
0,12,09,2016,84,95,76,00
1,13,09,2016,50,70,09,62
2,14,09,2016,95,69,36,98
3,15,09,2016,08,03,98,90
4,16,09,2016,95,24,98,30
5,17,09,2016,38,37,32,96
6,18,09,2016,65,85,99,48
0,19,09,2016,97,71,26,56
1,20,09,2016,32,61,86,98
2,21,09,2016,19,90,56,81
3,22,09,2016,30,84,19,46
4,23,09,2016,98,09,39,66
5,24,09,2016,34,88,18,66
6,25,09,2016,45,63,41,05
0,26,09,2016,62,88,42,63
1,27,09,2016,32,15,20,73
2,28,09,2016,14,91,01,01
3,29,09,2016,39,70,54,41
4,30,09,2016,88,-1,-1,-1
5,01,10,2016,-1,78,04,80
6,02,10,2016,58,40,07,78
0,03,10,2016,51,04,40,65
1,04,10,2016,28,06,95,26
2,05,10,2016,57,36,92,74
3,06,10,2016,70,59,45,88
4,07,10,2016,73,37,18,54
5,08,10,2016,05,72,06,47
6,09,10,2016,65,57,47,23
0,10,10,2016,37,01,59,22
1,11,10,2016,16,34,44,55
2,12,10,2016,37,20,00,13
3,13,10,2016,46,94,18,43
4,14,10,2016,08,29,19,18
5,15,10,2016,78,84,48,21
6,16,10,2016,07,38,53,28
0,17,10,2016,12,20,79,47
1,18,10,2016,91,04,12,52
2,19,10,2016,31,29,98,18
3,20,10,2016,96,23,54,69
4,21,10,2016,92,90,90,74
5,22,10,2016,51,31,80,31
6,23,10,2016,96,80,19,75
0,24,10,2016,02,61,98,94
1,25,10,2016,69,24,60,93
2,26,10,2016,44,18,12,17
3,27,10,2016,93,97,94,53
4,28,10,2016,69,35,79,56
5,29,10,2016,71,34,14,11
6,30,10,2016,94,74,73,38
0,31,10,2016,65,-1,-1,-1
1,01,11,2016,-1,61,97,04
2,02,11,2016,75,56,52,42
3,03,11,2016,65,82,16,52
4,04,11,2016,51,53,88,72
5,05,11,2016,35,59,87,83
6,06,11,2016,43,40,40,70
0,07,11,2016,85,72,92,11
1,08,11,2016,92,39,00,36
2,09,11,2016,38,08,82,07
3,10,11,2016,35,83,01,93
4,11,11,2016,07,13,90,78
5,12,11,2016,01,88,29,59
6,13,11,2016,16,77,68,83
0,14,11,2016,34,57,22,19
1,15,11,2016,28,55,71,05
2,16,11,2016,08,71,27,10
3,17,11,2016,31,75,66,72
4,18,11,2016,27,91,79,80
5,19,11,2016,47,72,56,36
6,20,11,2016,88,41,30,76
0,21,11,2016,02,75,51,10
1,22,11,2016,58,57,57,53
2,23,11,2016,43,67,22,27
3,24,11,2016,44,32,28,08
4,25,11,2016,22,97,12,82
5,26,11,2016,14,82,99,30
6,27,11,2016,54,13,42,95
0,28,11,2016,35,11,96,54
1,29,11,2016,01,79,81,21
2,30,11,2016,83,-1,-1,-1
3,01,12,2016,-1,75,92,44
4,02,12,2016,44,59,09,15
5,03,12,2016,75,97,74,50
6,04,12,2016,37,09,70,69
0,05,12,2016,00,93,66,73
1,06,12,2016,15,22,43,41
2,07,12,2016,16,60,36,16
3,08,12,2016,57,51,69,90
4,09,12,2016,90,86,20,64
5,10,12,2016,87,63,60,18
6,11,12,2016,97,53,64,50
0,12,12,2016,66,46,52,05
1,13,12,2016,72,15,22,78
2,14,12,2016,32,63,85,70
3,15,12,2016,60,48,82,70
4,16,12,2016,77,55,46,82
5,17,12,2016,44,85,82,26
6,18,12,2016,27,46,41,96
0,19,12,2016,45,47,71,84
1,20,12,2016,82,51,59,84
2,21,12,2016,34,10,17,22
3,22,12,2016,91,19,07,61
4,23,12,2016,57,81,99,96
5,24,12,2016,16,61,50,09
6,25,12,2016,62,40,58,21
0,26,12,2016,40,17,47,32
1,27,12,2016,66,30,76,20
2,28,12,2016,48,05,67,61
3,29,12,2016,61,18,29,88
4,30,12,2016,97,85,71,82
5,31,12,2016,20,-1,-1,-1
6,01,01,2017,-1,09,59,87
0,02,01,2017,26,53,53,84
1,03,01,2017,95,99,91,87
2,04,01,2017,94,67,39,62
3,05,01,2017,48,09,52,76
4,06,01,2017,05,59,85,69
5,07,01,2017,76,03,15,56
6,08,01,2017,08,12,72,75
0,09,01,2017,39,03,73,29
1,10,01,2017,37,72,23,89
2,11,01,2017,71,35,13,83
3,12,01,2017,96,73,43,20
4,13,01,2017,90,73,71,15
5,14,01,2017,83,19,42,33
6,15,01,2017,65,31,37,37
0,16,01,2017,45,98,10,31
1,17,01,2017,87,40,31,25
2,18,01,2017,73,36,85,77
3,19,01,2017,09,46,03,04
4,20,01,2017,29,77,90,19
5,21,01,2017,82,89,32,08
6,22,01,2017,51,86,15,09
0,23,01,2017,20,42,53,34
1,24,01,2017,80,99,13,13
2,25,01,2017,17,35,48,37
3,26,01,2017,81,82,40,19
4,27,01,2017,59,38,02,32
5,28,01,2017,07,72,78,72
6,29,01,2017,00,67,86,34
0,30,01,2017,54,38,32,69
1,31,01,2017,52,-1,-1,-1
2,01,02,2017,-1,53,48,83
3,02,02,2017,77,23,79,76
4,03,02,2017,39,06,00,71
5,04,02,2017,51,58,34,51
6,05,02,2017,43,34,79,84
0,06,02,2017,34,96,50,54
1,07,02,2017,47,23,18,90
2,08,02,2017,13,12,11,31
3,09,02,2017,84,70,98,92
4,10,02,2017,32,29,11,94
5,11,02,2017,77,70,94,34
6,12,02,2017,78,10,91,36
0,13,02,2017,48,39,70,00
1,14,02,2017,66,98,97,79
2,15,02,2017,13,06,04,79
3,16,02,2017,48,03,29,95
4,17,02,2017,98,69,47,18
5,18,02,2017,95,44,97,92
6,19,02,2017,12,30,26,33
0,20,02,2017,75,62,02,55
1,21,02,2017,63,26,16,95
2,22,02,2017,78,77,62,25
3,23,02,2017,69,02,81,85
4,24,02,2017,36,29,41,71
5,25,02,2017,32,13,50,12
6,26,02,2017,63,34,16,39
0,27,02,2017,44,06,15,55
1,28,02,2017,39,-1,-1,-1
2,01,03,2017,-1,84,70,80
3,02,03,2017,38,10,96,44
4,03,03,2017,18,25,50,56
5,04,03,2017,30,23,26,56
6,05,03,2017,16,79,90,25
0,06,03,2017,81,29,59,08
1,07,03,2017,35,55,03,60
2,08,03,2017,94,77,08,03
3,09,03,2017,85,91,77,31
4,10,03,2017,74,49,65,74
5,11,03,2017,20,73,24,73
6,12,03,2017,55,90,08,29
0,13,03,2017,60,48,66,02
1,14,03,2017,22,91,36,56
2,15,03,2017,19,88,99,28
3,16,03,2017,99,51,38,03
4,17,03,2017,14,38,48,01
5,18,03,2017,78,54,06,64
6,19,03,2017,84,42,48,89
0,20,03,2017,14,55,48,35
1,21,03,2017,91,03,18,96
2,22,03,2017,54,52,24,82
3,23,03,2017,04,16,27,98
4,24,03,2017,42,82,12,69
5,25,03,2017,12,80,14,40
6,26,03,2017,59,75,21,04
0,27,03,2017,91,22,68,74
1,28,03,2017,27,15,30,52
2,29,03,2017,12,81,47,40
3,30,03,2017,65,54,29,98
4,31,03,2017,98,-1,-1,-1
5,01,04,2017,-1,16,61,29
6,02,04,2017,34,21,03,86
0,03,04,2017,59,83,26,55
1,04,04,2017,79,77,10,47
2,05,04,2017,24,04,97,46
3,06,04,2017,70,80,45,65
4,07,04,2017,42,77,37,77
5,08,04,2017,60,20,98,79
6,09,04,2017,75,33,22,35
0,10,04,2017,61,22,62,73
1,11,04,2017,80,98,52,26
2,12,04,2017,76,98,01,07
3,13,04,2017,74,53,91,73
4,14,04,2017,69,53,53,86
5,15,04,2017,83,56,75,25
6,16,04,2017,81,75,85,11
0,17,04,2017,78,96,44,65
1,18,04,2017,01,21,67,04
2,19,04,2017,60,78,90,53
3,20,04,2017,87,28,07,04
4,21,04,2017,75,24,27,88
5,22,04,2017,05,85,64,60
6,23,04,2017,39,21,11,07
0,24,04,2017,07,51,91,01
1,25,04,2017,29,75,80,47
2,26,04,2017,80,10,30,51
3,27,04,2017,56,53,41,36
4,28,04,2017,52,41,94,01
5,29,04,2017,38,26,15,72
6,30,04,2017,65,-1,-1,-1
0,01,05,2017,-1,59,68,44
1,02,05,2017,74,94,16,83
2,03,05,2017,47,01,04,64
3,04,05,2017,64,21,93,80
4,05,05,2017,83,94,19,09
5,06,05,2017,22,98,90,68
6,07,05,2017,30,93,15,39
0,08,05,2017,83,81,65,03
1,09,05,2017,69,94,63,97
2,10,05,2017,97,61,08,63
3,11,05,2017,60,14,73,85
4,12,05,2017,50,79,68,27
5,13,05,2017,67,76,71,10
6,14,05,2017,96,18,36,64
0,15,05,2017,57,62,13,27
1,16,05,2017,96,31,83,26
2,17,05,2017,49,71,46,27
3,18,05,2017,16,39,67,24
4,19,05,2017,74,33,73,15
5,20,05,2017,99,60,82,34
6,21,05,2017,72,94,13,10
0,22,05,2017,64,88,70,16
1,23,05,2017,34,39,43,53
2,24,05,2017,76,11,06,61
3,25,05,2017,03,90,12,43
4,26,05,2017,16,62,77,90
5,27,05,2017,61,64,05,92
6,28,05,2017,41,60,51,26
0,29,05,2017,04,33,59,81
1,30,05,2017,86,74,76,15
2,31,05,2017,37,-1,-1,-1
3,01,06,2017,-1,59,30,51
4,02,06,2017,30,18,11,88
5,03,06,2017,82,33,88,73
6,04,06,2017,75,89,20,98
0,05,06,2017,54,82,87,66
1,06,06,2017,51,74,83,28
2,07,06,2017,24,05,11,99
3,08,06,2017,52,20,71,52
4,09,06,2017,16,76,80,20
5,10,06,2017,54,94,68,67
6,11,06,2017,24,09,21,58
0,12,06,2017,22,01,02,21
1,13,06,2017,51,08,66,90
2,14,06,2017,41,92,67,81
3,15,06,2017,98,05,04,43
4,16,06,2017,40,64,28,57
5,17,06,2017,94,11,38,78
6,18,06,2017,28,95,13,11
0,19,06,2017,54,35,55,39
1,20,06,2017,36,14,82,16
2,21,06,2017,88,37,01,00
3,22,06,2017,29,08,85,59
4,23,06,2017,41,14,37,46
5,24,06,2017,66,58,28,94
6,25,06,2017,87,74,27,70
0,26,06,2017,52,70,70,88
1,27,06,2017,52,59,01,94
2,28,06,2017,44,25,24,20
3,29,06,2017,99,65,05,97
4,30,06,2017,12,-1,-1,-1
5,01,07,2017,-1,28,43,67
6,02,07,2017,61,28,30,00
0,03,07,2017,78,89,36,75
1,04,07,2017,68,18,85,90
2,05,07,2017,59,68,58,97
3,06,07,2017,50,68,92,64
4,07,07,2017,79,65,04,52
5,08,07,2017,04,45,89,14
6,09,07,2017,70,46,59,19
0,10,07,2017,80,75,34,14
1,11,07,2017,31,34,00,98
2,12,07,2017,31,15,27,57
3,13,07,2017,70,37,81,55
4,14,07,2017,15,97,93,39
5,15,07,2017,97,11,51,89
6,16,07,2017,26,46,91,55
0,17,07,2017,79,13,21,83
1,18,07,2017,72,60,74,82
2,19,07,2017,31,48,81,97
3,20,07,2017,82,56,75,78
4,21,07,2017,40,63,72,30
5,22,07,2017,31,00,62,27
6,23,07,2017,09,27,02,26
0,24,07,2017,97,83,32,47
1,25,07,2017,41,26,46,53
2,26,07,2017,27,44,61,35
3,27,07,2017,11,02,42,56
4,28,07,2017,18,40,50,34
5,29,07,2017,05,33,52,58
6,30,07,2017,42,14,28,93
0,31,07,2017,01,-1,-1,-1
1,01,08,2017,-1,00,63,43
2,02,08,2017,38,80,06,99
3,03,08,2017,42,48,10,67
4,04,08,2017,95,93,19,19
5,05,08,2017,44,79,37,53
6,06,08,2017,79,05,03,52
0,07,08,2017,99,64,62,82
1,08,08,2017,59,62,97,54
2,09,08,2017,87,24,19,61
3,10,08,2017,02,21,84,94
4,11,08,2017,28,31,68,25
5,12,08,2017,66,67,93,56
6,13,08,2017,58,22,76,67
0,14,08,2017,48,43,93,64
1,15,08,2017,22,73,20,99
2,16,08,2017,64,40,34,30
3,17,08,2017,36,10,08,14
4,18,08,2017,30,86,95,37
5,19,08,2017,54,30,13,66
6,20,08,2017,20,81,81,21
0,21,08,2017,83,70,06,86
1,22,08,2017,18,85,41,38
2,23,08,2017,26,85,07,85
3,24,08,2017,65,63,21,11
4,25,08,2017,39,53,14,03
5,26,08,2017,02,63,86,04
6,27,08,2017,72,31,61,80
0,28,08,2017,68,39,08,37
1,29,08,2017,05,81,93,28
2,30,08,2017,41,26,80,08
3,31,08,2017,39,-1,-1,-1
4,01,09,2017,-1,45,87,49
5,02,09,2017,04,43,44,68
6,03,09,2017,11,55,27,81
0,04,09,2017,87,07,44,24
1,05,09,2017,66,27,84,73
2,06,09,2017,22,93,86,86
3,07,09,2017,84,29,12,06
4,08,09,2017,28,12,96,82
5,09,09,2017,47,05,77,92
6,10,09,2017,24,04,16,17
0,11,09,2017,16,73,90,28
1,12,09,2017,64,12,23,68
2,13,09,2017,08,07,90,53
3,14,09,2017,94,25,86,09
4,15,09,2017,85,08,50,79
5,16,09,2017,49,07,67,17
6,17,09,2017,86,93,25,47
0,18,09,2017,66,41,90,10
1,19,09,2017,70,99,76,37
2,20,09,2017,61,34,33,49
3,21,09,2017,62,47,44,34
4,22,09,2017,16,95,63,09
5,23,09,2017,62,41,61,63
6,24,09,2017,29,10,40,31
0,25,09,2017,01,59,53,29
1,26,09,2017,13,79,90,89
2,27,09,2017,01,75,48,40
3,28,09,2017,47,18,33,18
4,29,09,2017,61,71,26,70
5,30,09,2017,22,-1,-1,-1
6,01,10,2017,-1,25,71,36
0,02,10,2017,36,38,10,15
1,03,10,2017,80,74,71,45
2,04,10,2017,04,83,75,12
3,05,10,2017,04,94,92,98
4,06,10,2017,76,73,46,84
5,07,10,2017,97,92,76,53
6,08,10,2017,97,43,58,95
0,09,10,2017,25,67,95,31
1,10,10,2017,85,99,33,59
2,11,10,2017,92,15,29,45
3,12,10,2017,23,71,66,58
4,13,10,2017,45,53,71,17
5,14,10,2017,50,82,73,85
6,15,10,2017,58,21,68,43
0,16,10,2017,26,91,00,06
1,17,10,2017,75,49,64,83
2,18,10,2017,21,92,33,58
3,19,10,2017,48,95,53,15
4,20,10,2017,41,90,93,97
5,21,10,2017,88,95,25,07
6,22,10,2017,49,91,30,60
0,23,10,2017,03,35,00,92
1,24,10,2017,91,74,80,73
2,25,10,2017,91,67,15,00
3,26,10,2017,45,84,30,47
4,27,10,2017,37,78,22,92
5,28,10,2017,75,13,90,45
6,29,10,2017,33,14,07,75
0,30,10,2017,85,88,98,40
1,31,10,2017,67,-1,-1,-1
2,01,11,2017,-1,46,78,09
3,02,11,2017,66,89,49,89
4,03,11,2017,20,22,23,23
5,04,11,2017,91,73,07,80
6,05,11,2017,67,61,75,63
0,06,11,2017,64,99,22,06
1,07,11,2017,25,46,12,07
2,08,11,2017,90,74,51,20
3,09,11,2017,94,06,06,21
4,10,11,2017,93,47,42,08
5,11,11,2017,84,98,29,06
6,12,11,2017,52,24,18,59
0,13,11,2017,29,20,42,98
1,14,11,2017,12,36,42,36
2,15,11,2017,97,22,39,88
3,16,11,2017,29,66,35,72
4,17,11,2017,24,77,21,53
5,18,11,2017,62,34,39,33
6,19,11,2017,88,68,32,18
0,20,11,2017,07,42,18,71
1,21,11,2017,78,33,38,14
2,22,11,2017,33,20,01,43
3,23,11,2017,24,62,17,15
4,24,11,2017,73,09,51,79
5,25,11,2017,59,47,99,74
6,26,11,2017,31,05,93,88
0,27,11,2017,42,91,15,05
1,28,11,2017,93,99,03,49
2,29,11,2017,37,70,49,69
3,30,11,2017,87,-1,-1,-1
4,01,12,2017,-1,88,59,72
5,02,12,2017,52,65,06,06
6,03,12,2017,90,08,36,01
0,04,12,2017,26,01,35,33
1,05,12,2017,30,48,67,54
2,06,12,2017,24,80,51,10
3,07,12,2017,34,91,87,50
4,08,12,2017,51,04,26,71
5,09,12,2017,15,80,83,49
6,10,12,2017,26,78,91,00
0,11,12,2017,46,05,78,58
1,12,12,2017,10,57,72,38
2,13,12,2017,80,65,31,61
3,14,12,2017,80,53,85,52
4,15,12,2017,68,70,25,81
5,16,12,2017,18,89,96,76
6,17,12,2017,60,31,05,64
0,18,12,2017,31,34,89,58
1,19,12,2017,88,52,14,16
2,20,12,2017,78,87,87,14
3,21,12,2017,74,31,78,06
4,22,12,2017,55,46,84,73
5,23,12,2017,81,78,02,38
6,24,12,2017,28,49,96,77
0,25,12,2017,34,14,29,48
1,26,12,2017,37,49,07,27
2,27,12,2017,94,09,94,16
3,28,12,2017,67,24,31,86
4,29,12,2017,23,10,24,34
5,30,12,2017,68,05,92,21
6,31,12,2017,44,-1,-1,-1
0,01,01,2018,-1,31,27,23
1,02,01,2018,55,07,62,60
2,03,01,2018,98,75,59,64
3,04,01,2018,15,07,37,89
4,05,01,2018,31,87,33,81
5,06,01,2018,90,86,91,67
6,07,01,2018,27,09,01,30
0,08,01,2018,91,73,14,06
1,09,01,2018,44,59,05,89
2,10,01,2018,91,20,70,26
3,11,01,2018,76,15,14,62
4,12,01,2018,91,92,45,34
5,13,01,2018,65,51,43,40
6,14,01,2018,25,96,72,02
0,15,01,2018,21,69,48,43
1,16,01,2018,02,56,94,74
2,17,01,2018,67,68,74,34
3,18,01,2018,53,69,96,50
4,19,01,2018,26,81,55,65
5,20,01,2018,58,66,39,48
6,21,01,2018,01,90,29,60
0,22,01,2018,97,59,50,06
1,23,01,2018,46,39,42,50
2,24,01,2018,30,96,59,12
3,25,01,2018,58,28,08,82
4,26,01,2018,12,53,22,31
5,27,01,2018,56,92,83,96
6,28,01,2018,93,20,99,21
0,29,01,2018,82,66,77,30
1,30,01,2018,42,73,87,92
2,31,01,2018,62,-1,-1,-1
3,01,02,2018,-1,66,30,65
4,02,02,2018,42,44,47,14
5,03,02,2018,65,82,03,67
6,04,02,2018,82,03,41,01
0,05,02,2018,95,11,48,54
1,06,02,2018,64,37,19,43
2,07,02,2018,18,77,28,39
3,08,02,2018,33,47,75,75
4,09,02,2018,46,36,03,74
5,10,02,2018,72,77,03,09
6,11,02,2018,73,15,71,03
0,12,02,2018,62,95,23,95
1,13,02,2018,12,89,71,23
2,14,02,2018,68,82,02,40
3,15,02,2018,99,45,70,63
4,16,02,2018,61,11,09,20
5,17,02,2018,46,90,51,75
6,18,02,2018,48,33,77,33
0,19,02,2018,84,70,27,08
1,20,02,2018,55,36,56,68
2,21,02,2018,61,56,08,09
3,22,02,2018,90,93,18,48
4,23,02,2018,82,10,98,36
5,24,02,2018,18,04,86,83
6,25,02,2018,49,66,46,08
0,26,02,2018,98,58,70,71
1,27,02,2018,41,89,85,77
2,28,02,2018,59,-1,-1,-1
3,01,03,2018,-1,19,00,44
4,02,03,2018,71,69,86,12
5,03,03,2018,70,72,95,66
6,04,03,2018,93,15,56,59
0,05,03,2018,89,42,11,99
1,06,03,2018,84,36,35,27
2,07,03,2018,76,76,15,82
3,08,03,2018,44,87,00,72
4,09,03,2018,98,30,49,75
5,10,03,2018,49,57,87,27
6,11,03,2018,40,18,53,17
0,12,03,2018,92,48,27,87
1,13,03,2018,27,79,45,23
2,14,03,2018,07,35,97,17
3,15,03,2018,03,71,18,47
4,16,03,2018,96,95,83,00
5,17,03,2018,43,18,83,93
6,18,03,2018,24,86,25,81
0,19,03,2018,47,12,16,02
1,20,03,2018,18,31,54,51
2,21,03,2018,17,94,66,89
3,22,03,2018,72,62,51,50
4,23,03,2018,33,54,54,80
5,24,03,2018,59,52,71,15
6,25,03,2018,67,51,13,77
0,26,03,2018,56,47,52,22
1,27,03,2018,15,70,46,35
2,28,03,2018,59,70,02,06
3,29,03,2018,36,19,31,81
4,30,03,2018,49,58,10,53
5,31,03,2018,14,-1,-1,-1
6,01,04,2018,-1,60,16,77
0,02,04,2018,33,97,91,96
1,03,04,2018,47,51,21,60
2,04,04,2018,10,87,94,24
3,05,04,2018,18,20,81,58
4,06,04,2018,50,78,00,40
5,07,04,2018,04,73,83,85
6,08,04,2018,83,89,23,14
0,09,04,2018,08,56,23,23
1,10,04,2018,73,85,94,36
2,11,04,2018,35,68,92,14
3,12,04,2018,99,41,86,21
4,13,04,2018,04,06,22,71
5,14,04,2018,95,05,58,87
6,15,04,2018,22,81,23,06
0,16,04,2018,89,61,76,99
1,17,04,2018,22,05,16,45
2,18,04,2018,19,16,41,07
3,19,04,2018,58,28,95,69
4,20,04,2018,56,04,92,95
5,21,04,2018,92,57,32,19
6,22,04,2018,65,26,31,62
0,23,04,2018,50,97,28,44
1,24,04,2018,28,96,36,98
2,25,04,2018,91,71,79,42
3,26,04,2018,23,11,52,00
4,27,04,2018,28,49,71,97
5,28,04,2018,35,43,32,85
6,29,04,2018,00,03,93,19
0,30,04,2018,89,-1,-1,-1
1,01,05,2018,-1,54,74,37
2,02,05,2018,93,49,14,89
3,03,05,2018,10,47,20,69
4,04,05,2018,01,47,40,08
5,05,05,2018,27,33,20,17
6,06,05,2018,08,84,48,77
0,07,05,2018,72,31,54,60
1,08,05,2018,01,68,82,84
2,09,05,2018,42,61,70,29
3,10,05,2018,61,13,04,57
4,11,05,2018,42,33,14,94
5,12,05,2018,31,45,30,52
6,13,05,2018,36,69,56,36
0,14,05,2018,34,38,22,13
1,15,05,2018,17,14,31,73
2,16,05,2018,40,06,91,51
3,17,05,2018,37,53,13,70
4,18,05,2018,18,45,46,52
5,19,05,2018,80,16,66,81
6,20,05,2018,27,49,03,78
0,21,05,2018,32,99,34,85
1,22,05,2018,60,75,06,94
2,23,05,2018,89,37,76,57
3,24,05,2018,27,75,99,59
4,25,05,2018,43,33,87,70
5,26,05,2018,73,69,49,63
6,27,05,2018,85,07,80,52
0,28,05,2018,07,60,85,69
1,29,05,2018,62,10,75,66
2,30,05,2018,60,44,09,77
3,31,05,2018,91,-1,-1,-1
4,01,06,2018,-1,03,82,73
5,02,06,2018,40,19,83,53
6,03,06,2018,99,81,24,42
0,04,06,2018,21,49,11,92
1,05,06,2018,82,96,32,98
2,06,06,2018,66,58,12,13
3,07,06,2018,62,71,17,98
4,08,06,2018,58,12,99,19
5,09,06,2018,93,78,42,93
6,10,06,2018,57,46,99,43
0,11,06,2018,91,45,39,69
1,12,06,2018,68,28,16,88
2,13,06,2018,93,40,51,24
3,14,06,2018,32,09,80,39
4,15,06,2018,23,42,02,64
5,16,06,2018,35,06,47,64
6,17,06,2018,74,08,06,24
0,18,06,2018,84,21,88,03
1,19,06,2018,91,80,50,21
2,20,06,2018,72,87,96,90
3,21,06,2018,57,98,74,50
4,22,06,2018,37,80,32,37
5,23,06,2018,08,48,40,67
6,24,06,2018,93,96,87,53
0,25,06,2018,13,01,44,67
1,26,06,2018,55,94,80,04
2,27,06,2018,43,84,23,94
3,28,06,2018,08,62,66,42
4,29,06,2018,87,09,59,88
5,30,06,2018,74,-1,-1,-1
6,01,07,2018,-1,29,05,50
0,02,07,2018,29,50,61,95
1,03,07,2018,22,19,01,81
2,04,07,2018,01,52,86,54
3,05,07,2018,05,40,76,96
4,06,07,2018,63,64,59,02
5,07,07,2018,56,91,48,60
6,08,07,2018,86,27,17,99
0,09,07,2018,65,27,32,57
1,10,07,2018,02,68,81,62
2,11,07,2018,81,68,50,11
3,12,07,2018,99,38,47,48
4,13,07,2018,43,60,20,47
5,14,07,2018,59,28,42,44
6,15,07,2018,16,65,48,70
0,16,07,2018,68,40,13,56
1,17,07,2018,11,44,04,85
2,18,07,2018,86,54,02,24
3,19,07,2018,36,24,94,02
4,20,07,2018,82,65,17,97
5,21,07,2018,84,35,60,30
6,22,07,2018,42,83,96,40
0,23,07,2018,13,91,70,92
1,24,07,2018,16,43,53,35
2,25,07,2018,87,50,89,61
3,26,07,2018,43,71,89,35
4,27,07,2018,04,42,31,90
5,28,07,2018,66,24,97,38
6,29,07,2018,09,71,71,57
0,30,07,2018,06,91,61,65
1,31,07,2018,83,-1,-1,-1
2,01,08,2018,-1,54,79,21
3,02,08,2018,57,97,29,95
4,03,08,2018,66,75,13,95
5,04,08,2018,63,16,89,96
6,05,08,2018,43,98,70,16
0,06,08,2018,10,83,05,30
1,07,08,2018,46,39,97,29
2,08,08,2018,02,77,10,74
3,09,08,2018,30,63,76,74
4,10,08,2018,53,79,49,14
5,11,08,2018,60,74,95,72
6,12,08,2018,87,62,78,67
0,13,08,2018,37,33,52,96
1,14,08,2018,26,11,41,45
2,15,08,2018,30,92,54,97
3,16,08,2018,87,55,88,92
4,17,08,2018,14,94,11,70
5,18,08,2018,55,39,53,64
6,19,08,2018,21,77,96,17
0,20,08,2018,46,96,73,14
1,21,08,2018,54,72,20,13
2,22,08,2018,57,14,60,50
3,23,08,2018,17,90,22,09
4,24,08,2018,52,69,39,20
5,25,08,2018,47,12,06,20
6,26,08,2018,12,25,44,30
0,27,08,2018,23,84,72,44
1,28,08,2018,11,70,17,64
2,29,08,2018,49,72,68,22
3,30,08,2018,73,11,67,57
4,31,08,2018,83,-1,-1,-1
5,01,09,2018,-1,53,77,70
6,02,09,2018,00,81,37,18
0,03,09,2018,71,65,65,79
1,04,09,2018,67,45,09,85
2,05,09,2018,27,52,58,73
3,06,09,2018,67,29,45,29
4,07,09,2018,87,04,51,93
5,08,09,2018,21,73,85,62
6,09,09,2018,55,14,12,49
0,10,09,2018,71,28,08,08
1,11,09,2018,31,07,10,95
2,12,09,2018,14,10,41,46
3,13,09,2018,29,25,04,06
4,14,09,2018,46,04,47,38
5,15,09,2018,29,94,95,78
6,16,09,2018,37,07,24,90
0,17,09,2018,96,00,80,49
1,18,09,2018,83,58,21,29
2,19,09,2018,14,77,60,60
3,20,09,2018,48,83,51,70
4,21,09,2018,29,45,01,74
5,22,09,2018,81,68,88,85
6,23,09,2018,33,62,52,51
0,24,09,2018,47,03,26,04
1,25,09,2018,80,88,71,81
2,26,09,2018,69,74,44,38
3,27,09,2018,30,13,90,03
4,28,09,2018,25,85,00,25
5,29,09,2018,09,42,46,23
6,30,09,2018,13,-1,-1,-1
0,01,10,2018,-1,39,83,51
1,02,10,2018,80,48,52,23
2,03,10,2018,95,18,03,49
3,04,10,2018,35,12,82,42
4,05,10,2018,34,84,94,78
5,06,10,2018,31,08,79,68
6,07,10,2018,58,68,79,78
0,08,10,2018,49,23,97,49
1,09,10,2018,27,53,00,39
2,10,10,2018,69,55,33,97
3,11,10,2018,43,47,41,19
4,12,10,2018,00,23,60,78
5,13,10,2018,04,71,93,39
6,14,10,2018,32,27,95,82
0,15,10,2018,99,06,61,46
1,16,10,2018,38,01,55,69
2,17,10,2018,82,30,99,62
3,18,10,2018,61,60,65,77
4,19,10,2018,29,85,88,35
5,20,10,2018,55,84,81,84
6,21,10,2018,83,20,53,38
0,22,10,2018,17,06,00,43
1,23,10,2018,63,70,85,85
2,24,10,2018,18,23,64,56
3,25,10,2018,87,84,74,81
4,26,10,2018,07,05,23,21
5,27,10,2018,81,75,12,61
6,28,10,2018,90,17,26,75
0,29,10,2018,17,95,42,34
1,30,10,2018,96,86,94,79
2,31,10,2018,22,-1,-1,-1
3,01,11,2018,-1,82,09,16
4,02,11,2018,06,87,08,35
5,03,11,2018,25,21,63,52
6,04,11,2018,66,00,40,88
0,05,11,2018,68,57,62,84
1,06,11,2018,07,62,04,52
2,07,11,2018,04,46,73,67
3,08,11,2018,46,71,16,22
4,09,11,2018,37,82,75,33
5,10,11,2018,64,79,19,13
6,11,11,2018,06,31,96,59
0,12,11,2018,03,81,51,79
1,13,11,2018,86,79,57,53
2,14,11,2018,54,60,51,40
3,15,11,2018,53,23,21,83
4,16,11,2018,65,31,58,01
5,17,11,2018,86,73,11,19
6,18,11,2018,80,50,94,56
0,19,11,2018,09,43,31,88
1,20,11,2018,97,32,22,30
2,21,11,2018,53,92,96,64
3,22,11,2018,52,43,11,80
4,23,11,2018,11,42,88,37
5,24,11,2018,54,92,75,92
6,25,11,2018,62,82,94,88
0,26,11,2018,96,99,68,18
1,27,11,2018,64,20,96,76
2,28,11,2018,99,25,08,40
3,29,11,2018,24,91,82,19
4,30,11,2018,65,-1,-1,-1
5,01,12,2018,-1,26,34,19
6,02,12,2018,46,95,34,90
0,03,12,2018,74,93,05,70
1,04,12,2018,04,92,21,93
2,05,12,2018,12,69,76,40
3,06,12,2018,21,97,93,74
4,07,12,2018,62,50,29,82
5,08,12,2018,35,56,45,50
6,09,12,2018,59,30,42,48
0,10,12,2018,24,48,30,57
1,11,12,2018,92,09,15,05
2,12,12,2018,34,57,14,33
3,13,12,2018,81,34,04,93
4,14,12,2018,24,75,09,22
5,15,12,2018,01,38,28,80
6,16,12,2018,50,05,05,71
0,17,12,2018,16,63,07,81
1,18,12,2018,89,17,54,05
2,19,12,2018,16,59,15,17
3,20,12,2018,95,53,65,31
4,21,12,2018,30,39,67,57
5,22,12,2018,80,97,28,45
6,23,12,2018,16,01,31,65
0,24,12,2018,81,84,39,31
1,25,12,2018,59,66,09,23
2,26,12,2018,26,82,60,97
3,27,12,2018,25,66,66,51
4,28,12,2018,45,07,56,40
5,29,12,2018,38,80,76,84
6,30,12,2018,70,26,66,97
0,31,12,2018,32,-1,-1,-1
1,01,01,2019,-1,07,22,08
2,02,01,2019,43,54,49,94
3,03,01,2019,34,88,18,29
4,04,01,2019,92,48,21,86
5,05,01,2019,09,63,83,31
6,06,01,2019,89,15,76,05
0,07,01,2019,71,89,33,84
1,08,01,2019,86,77,79,61
2,09,01,2019,01,55,88,12
3,10,01,2019,71,68,62,75
4,11,01,2019,07,74,36,59
5,12,01,2019,74,39,98,63
6,13,01,2019,52,66,41,58
0,14,01,2019,74,31,26,00
1,15,01,2019,67,16,60,13
2,16,01,2019,14,33,16,77
3,17,01,2019,37,37,25,01
4,18,01,2019,89,03,88,03
5,19,01,2019,94,87,67,69
6,20,01,2019,71,26,10,33
0,21,01,2019,51,68,55,32
1,22,01,2019,94,12,32,62
2,23,01,2019,73,91,30,00
3,24,01,2019,78,63,97,73
4,25,01,2019,68,14,91,60
5,26,01,2019,24,03,64,90
6,27,01,2019,36,90,40,23
0,28,01,2019,64,92,72,03
1,29,01,2019,12,52,91,77
2,30,01,2019,69,19,59,59
3,31,01,2019,86,-1,-1,-1
4,01,02,2019,-1,41,15,97
5,02,02,2019,89,55,25,65
6,03,02,2019,14,06,24,21
0,04,02,2019,85,88,27,85
1,05,02,2019,23,19,85,89
2,06,02,2019,53,97,93,51
3,07,02,2019,06,20,49,07
4,08,02,2019,41,18,69,96
5,09,02,2019,01,26,21,58
6,10,02,2019,31,00,24,24
0,11,02,2019,80,54,38,43
1,12,02,2019,91,89,54,79
2,13,02,2019,94,05,20,69
3,14,02,2019,40,92,10,61
4,15,02,2019,06,08,92,22
5,16,02,2019,65,38,79,22
6,17,02,2019,08,15,32,66
0,18,02,2019,54,60,79,85
1,19,02,2019,78,93,22,28
2,20,02,2019,70,76,87,28
3,21,02,2019,65,52,65,58
4,22,02,2019,69,79,49,72
5,23,02,2019,55,37,38,07
6,24,02,2019,94,33,05,22
0,25,02,2019,48,67,45,55
1,26,02,2019,51,22,01,37
2,27,02,2019,32,15,63,39
3,28,02,2019,71,-1,-1,-1
4,01,03,2019,-1,27,11,25
5,02,03,2019,52,49,30,37
6,03,03,2019,17,40,66,45
0,04,03,2019,66,26,57,45
1,05,03,2019,52,96,26,49
2,06,03,2019,16,86,91,46
3,07,03,2019,93,54,92,16
4,08,03,2019,33,95,44,09
5,09,03,2019,64,24,15,02
6,10,03,2019,90,91,98,19
0,11,03,2019,69,38,82,02
1,12,03,2019,82,15,77,13
2,13,03,2019,83,46,38,49
3,14,03,2019,56,88,73,07
4,15,03,2019,26,98,37,08
5,16,03,2019,53,19,32,02
6,17,03,2019,05,48,43,37
0,18,03,2019,81,02,95,65
1,19,03,2019,32,26,70,46
2,20,03,2019,98,18,81,39
3,21,03,2019,23,89,78,38
4,22,03,2019,96,81,57,46
5,23,03,2019,73,14,50,83
6,24,03,2019,11,14,91,70
0,25,03,2019,70,72,13,38
1,26,03,2019,50,08,34,40
2,27,03,2019,54,42,52,70
3,28,03,2019,33,51,58,43
4,29,03,2019,32,57,10,60
5,30,03,2019,25,79,39,44
6,31,03,2019,06,-1,-1,-1
0,01,04,2019,-1,71,95,18
1,02,04,2019,38,67,85,63
2,03,04,2019,89,10,13,89
3,04,04,2019,08,76,64,78
4,05,04,2019,78,85,41,92
5,06,04,2019,91,30,76,06
6,07,04,2019,15,69,98,41
0,08,04,2019,02,57,37,34
1,09,04,2019,73,91,51,76
2,10,04,2019,63,73,92,76
3,11,04,2019,28,07,38,63
4,12,04,2019,30,23,71,62
5,13,04,2019,72,20,50,27
6,14,04,2019,68,03,73,42
0,15,04,2019,88,17,46,27
1,16,04,2019,40,60,44,03
2,17,04,2019,66,25,47,14
3,18,04,2019,33,19,55,80
4,19,04,2019,55,13,97,43
5,20,04,2019,86,29,11,84
6,21,04,2019,17,59,57,24
0,22,04,2019,33,76,45,74
1,23,04,2019,85,47,07,78
2,24,04,2019,66,01,87,03
3,25,04,2019,95,83,83,92
4,26,04,2019,73,24,43,29
5,27,04,2019,98,85,89,25
6,28,04,2019,13,93,55,83
0,29,04,2019,03,50,41,11
1,30,04,2019,78,-1,-1,-1
2,01,05,2019,-1,41,31,79
3,02,05,2019,14,92,11,40
4,03,05,2019,48,61,82,11
5,04,05,2019,39,80,57,77
6,05,05,2019,58,06,08,80
0,06,05,2019,63,48,02,48
1,07,05,2019,36,44,66,16
2,08,05,2019,03,71,55,85
3,09,05,2019,37,72,04,99
4,10,05,2019,20,77,75,60
5,11,05,2019,72,40,15,71
6,12,05,2019,40,69,17,09
0,13,05,2019,53,68,74,94
1,14,05,2019,91,92,08,74
2,15,05,2019,72,34,97,61
3,16,05,2019,48,18,06,03
4,17,05,2019,91,61,18,68
5,18,05,2019,46,34,87,51
6,19,05,2019,09,82,43,09
0,20,05,2019,35,75,97,75
1,21,05,2019,45,01,27,81
2,22,05,2019,33,01,15,98
3,23,05,2019,41,22,82,27
4,24,05,2019,46,84,47,28
5,25,05,2019,71,46,99,15
6,26,05,2019,75,67,84,76
0,27,05,2019,58,04,95,44
1,28,05,2019,17,99,02,57
2,29,05,2019,58,34,56,99
3,30,05,2019,42,73,32,96
4,31,05,2019,45,-1,-1,-1
5,01,06,2019,-1,30,06,14
6,02,06,2019,70,32,20,30
0,03,06,2019,61,30,87,08
1,04,06,2019,02,29,15,99
2,05,06,2019,80,18,41,43
3,06,06,2019,38,35,09,59
4,07,06,2019,47,19,72,20
5,08,06,2019,02,95,25,15
6,09,06,2019,96,34,11,12
0,10,06,2019,49,32,19,51
1,11,06,2019,11,79,74,28
2,12,06,2019,97,27,44,37
3,13,06,2019,39,49,35,28
4,14,06,2019,34,68,78,13
5,15,06,2019,72,70,59,79
6,16,06,2019,49,27,59,54
0,17,06,2019,09,10,79,75
1,18,06,2019,43,35,14,77
2,19,06,2019,63,69,77,88
3,20,06,2019,45,35,90,51
4,21,06,2019,39,07,20,65
5,22,06,2019,61,00,36,33
6,23,06,2019,15,40,04,40
0,24,06,2019,07,88,82,25
1,25,06,2019,84,45,18,94
2,26,06,2019,12,61,16,63
3,27,06,2019,28,74,90,05
4,28,06,2019,94,18,04,25
5,29,06,2019,41,96,23,89
6,30,06,2019,83,-1,-1,-1
0,01,07,2019,-1,99,89,76
1,02,07,2019,63,30,68,56
2,03,07,2019,32,22,92,73
3,04,07,2019,73,58,65,93
4,05,07,2019,00,59,68,59
5,06,07,2019,76,38,10,92
6,07,07,2019,16,39,02,10
0,08,07,2019,56,87,65,57
1,09,07,2019,83,81,06,88
2,10,07,2019,15,97,68,28
3,11,07,2019,96,65,85,48
4,12,07,2019,88,30,62,02
5,13,07,2019,48,21,16,23
6,14,07,2019,21,98,76,99
0,15,07,2019,31,26,80,99
1,16,07,2019,39,06,03,98
2,17,07,2019,12,78,94,59
3,18,07,2019,78,06,10,76
4,19,07,2019,26,64,30,44
5,20,07,2019,22,13,42,79
6,21,07,2019,52,14,35,23
0,22,07,2019,00,42,41,50
1,23,07,2019,85,71,75,56
2,24,07,2019,50,90,10,97
3,25,07,2019,22,95,84,52
4,26,07,2019,60,18,76,06
5,27,07,2019,76,67,82,37
6,28,07,2019,12,42,90,70
0,29,07,2019,78,14,98,39
1,30,07,2019,97,50,54,67
2,31,07,2019,48,-1,-1,-1
3,01,08,2019,-1,37,81,22
4,02,08,2019,10,84,23,93
5,03,08,2019,16,45,71,89
6,04,08,2019,48,06,47,61
0,05,08,2019,56,77,26,11
1,06,08,2019,41,99,41,13
2,07,08,2019,22,38,88,88
3,08,08,2019,43,41,71,63
4,09,08,2019,47,95,15,84
5,10,08,2019,35,62,63,00
6,11,08,2019,34,31,55,93
0,12,08,2019,90,37,43,46
1,13,08,2019,34,80,27,04
2,14,08,2019,41,64,82,27
3,15,08,2019,70,74,37,70
4,16,08,2019,64,40,63,96
5,17,08,2019,43,98,59,19
6,18,08,2019,61,79,27,54
0,19,08,2019,38,25,36,89
1,20,08,2019,83,68,19,58
2,21,08,2019,46,65,32,98
3,22,08,2019,00,48,89,18
4,23,08,2019,47,42,96,92
5,24,08,2019,20,54,52,90
6,25,08,2019,79,77,11,40
0,26,08,2019,82,59,35,19
1,27,08,2019,76,04,66,95
2,28,08,2019,69,45,02,03
3,29,08,2019,59,08,41,02
4,30,08,2019,88,35,27,24
5,31,08,2019,23,-1,-1,-1
6,01,09,2019,-1,25,08,96
0,02,09,2019,16,77,75,27
1,03,09,2019,69,08,91,51
2,04,09,2019,50,60,88,00
3,05,09,2019,84,99,00,06
4,06,09,2019,80,93,73,17
5,07,09,2019,06,57,56,20
6,08,09,2019,95,73,52,28
0,09,09,2019,59,25,05,57
1,10,09,2019,97,47,69,81
2,11,09,2019,92,21,77,00
3,12,09,2019,47,52,56,22
4,13,09,2019,91,15,64,95
5,14,09,2019,29,04,53,86
6,15,09,2019,76,25,58,26
0,16,09,2019,57,15,04,38
1,17,09,2019,56,48,26,60
2,18,09,2019,17,30,20,27
3,19,09,2019,04,34,34,39
4,20,09,2019,60,88,14,14
5,21,09,2019,02,10,03,86
6,22,09,2019,83,74,71,94
0,23,09,2019,22,18,74,46
1,24,09,2019,98,81,06,81
2,25,09,2019,64,50,76,18
3,26,09,2019,08,94,29,42
4,27,09,2019,14,92,89,51
5,28,09,2019,38,12,80,44
6,29,09,2019,64,72,43,26
0,30,09,2019,31,-1,-1,-1
1,01,10,2019,-1,92,50,55
2,02,10,2019,17,87,99,12
3,03,10,2019,83,52,77,40
4,04,10,2019,92,44,77,92
5,05,10,2019,42,13,21,69
6,06,10,2019,69,66,87,55
0,07,10,2019,93,94,48,76
1,08,10,2019,31,13,75,75
2,09,10,2019,56,92,74,35
3,10,10,2019,58,13,72,78
4,11,10,2019,45,84,45,18
5,12,10,2019,45,04,53,56
6,13,10,2019,98,53,51,03
0,14,10,2019,03,20,19,44
1,15,10,2019,58,66,63,92
2,16,10,2019,25,74,91,73
3,17,10,2019,31,71,28,57
4,18,10,2019,28,74,97,11
5,19,10,2019,95,47,87,83
6,20,10,2019,07,99,83,73
0,21,10,2019,81,61,51,60
1,22,10,2019,58,89,51,18
2,23,10,2019,70,60,13,06
3,24,10,2019,35,54,71,60
4,25,10,2019,36,87,95,29
5,26,10,2019,54,70,57,44
6,27,10,2019,63,11,30,18
0,28,10,2019,35,20,62,48
1,29,10,2019,60,84,64,03
2,30,10,2019,20,72,51,17
3,31,10,2019,78,-1,-1,-1
4,01,11,2019,-1,21,70,98
5,02,11,2019,97,04,21,71
6,03,11,2019,51,72,10,27
0,04,11,2019,97,75,82,56
1,05,11,2019,93,16,44,94
2,06,11,2019,88,67,05,80
3,07,11,2019,21,58,45,44
4,08,11,2019,76,62,14,02
5,09,11,2019,41,50,61,52
6,10,11,2019,32,22,18,16
0,11,11,2019,18,15,64,86
1,12,11,2019,67,44,02,04
2,13,11,2019,47,85,49,14
3,14,11,2019,08,52,20,57
4,15,11,2019,15,88,52,04
5,16,11,2019,36,09,69,51
6,17,11,2019,01,52,79,82
0,18,11,2019,47,44,15,42
1,19,11,2019,67,42,92,32
2,20,11,2019,48,19,85,08
3,21,11,2019,29,73,89,87
4,22,11,2019,28,27,67,30
5,23,11,2019,68,79,09,37
6,24,11,2019,68,67,00,66
0,25,11,2019,20,53,78,90
1,26,11,2019,38,70,90,72
2,27,11,2019,36,05,73,61
3,28,11,2019,96,19,44,96
4,29,11,2019,68,18,91,81
5,30,11,2019,09,-1,-1,-1
6,01,12,2019,-1,43,08,40
0,02,12,2019,65,82,66,28
1,03,12,2019,14,94,09,58
2,04,12,2019,88,84,30,22
3,05,12,2019,72,10,90,16
4,06,12,2019,03,64,01,24
5,07,12,2019,10,09,04,74
6,08,12,2019,67,21,63,17
0,09,12,2019,28,09,89,76
1,10,12,2019,66,23,44,64
2,11,12,2019,91,63,82,17
3,12,12,2019,42,71,62,70
4,13,12,2019,44,17,30,93
5,14,12,2019,01,42,75,79
6,15,12,2019,33,02,70,32
0,16,12,2019,71,70,88,44
1,17,12,2019,30,76,99,60
2,18,12,2019,63,78,49,79
3,19,12,2019,61,61,76,36
4,20,12,2019,57,90,38,76
5,21,12,2019,53,41,85,27
6,22,12,2019,39,00,84,46
0,23,12,2019,53,63,85,16
1,24,12,2019,99,05,24,58
2,25,12,2019,28,81,17,36
3,26,12,2019,21,57,31,13
4,27,12,2019,66,58,57,37
5,28,12,2019,88,75,40,90
6,29,12,2019,57,21,49,52
0,30,12,2019,82,08,37,62
1,31,12,2019,39,-1,-1,-1
2,01,01,2020,-1,15,08,90
3,02,01,2020,03,17,01,17
4,03,01,2020,80,00,49,41
5,04,01,2020,42,79,05,81
6,05,01,2020,26,65,56,48
0,06,01,2020,53,73,89,53
1,07,01,2020,10,54,79,14
2,08,01,2020,93,84,84,96
3,09,01,2020,54,62,40,80
4,10,01,2020,26,61,43,66
5,11,01,2020,94,25,85,92
6,12,01,2020,53,65,98,77
0,13,01,2020,74,62,99,89
1,14,01,2020,81,65,92,39
2,15,01,2020,72,19,51,94
3,16,01,2020,00,26,11,69
4,17,01,2020,91,46,25,11
5,18,01,2020,22,93,79,79
6,19,01,2020,48,46,02,15
0,20,01,2020,00,14,64,13
1,21,01,2020,33,23,30,29
2,22,01,2020,40,82,04,49
3,23,01,2020,96,24,19,35
4,24,01,2020,07,38,89,94
5,25,01,2020,39,83,31,70
6,26,01,2020,32,63,53,92
0,27,01,2020,98,40,03,57
1,28,01,2020,14,83,52,32
2,29,01,2020,40,54,15,84
3,30,01,2020,19,04,75,38
4,31,01,2020,82,-1,-1,-1
5,01,02,2020,-1,04,77,54
6,02,02,2020,67,70,69,27
0,03,02,2020,44,11,81,77
1,04,02,2020,68,50,71,62
2,05,02,2020,32,33,99,73
3,06,02,2020,26,31,23,77
4,07,02,2020,71,38,35,95
5,08,02,2020,23,09,21,37
6,09,02,2020,03,75,03,81
0,10,02,2020,73,43,31,42
1,11,02,2020,03,60,08,65
2,12,02,2020,04,58,39,66
3,13,02,2020,61,48,43,74
4,14,02,2020,06,99,04,33
5,15,02,2020,53,99,17,11
6,16,02,2020,76,06,29,60
0,17,02,2020,64,47,05,29
1,18,02,2020,79,72,01,96
2,19,02,2020,67,73,72,72
3,20,02,2020,51,66,41,41
4,21,02,2020,51,84,18,93
5,22,02,2020,75,37,16,14
6,23,02,2020,73,16,55,81
0,24,02,2020,54,96,92,30
1,25,02,2020,44,12,85,72
2,26,02,2020,90,87,04,95
3,27,02,2020,85,86,90,16
4,28,02,2020,93,92,46,13
5,29,02,2020,80,-1,-1,-1
6,01,03,2020,-1,86,35,53
0,02,03,2020,67,06,87,65
1,03,03,2020,67,56,17,79
2,04,03,2020,59,05,21,49
3,05,03,2020,87,02,02,42
4,06,03,2020,35,29,18,40
5,07,03,2020,94,51,36,27
6,08,03,2020,23,93,08,42
0,09,03,2020,92,16,89,43
1,10,03,2020,78,90,51,53
2,11,03,2020,40,35,68,58
3,12,03,2020,18,05,05,12
4,13,03,2020,85,83,87,53
5,14,03,2020,06,87,72,23
6,15,03,2020,30,63,01,54
0,16,03,2020,38,87,32,79
1,17,03,2020,01,43,62,56
2,18,03,2020,70,90,66,46
3,19,03,2020,16,09,30,68
4,20,03,2020,59,48,47,43
5,21,03,2020,03,90,80,29
6,22,03,2020,29,25,10,14
0,23,03,2020,51,76,74,89
1,24,03,2020,55,62,22,82
2,25,03,2020,31,42,71,24
3,26,03,2020,40,47,11,86
4,27,03,2020,79,22,42,74
5,28,03,2020,71,22,95,54
6,29,03,2020,18,35,10,61
0,30,03,2020,55,47,81,85
1,31,03,2020,29,-1,-1,-1
2,01,04,2020,-1,26,94,60
3,02,04,2020,81,33,31,25
4,03,04,2020,82,26,62,46
5,04,04,2020,84,02,56,51
6,05,04,2020,74,11,97,10
0,06,04,2020,20,92,37,77
1,07,04,2020,02,21,11,68
2,08,04,2020,06,86,95,20
3,09,04,2020,07,07,87,98
4,10,04,2020,60,47,38,33
5,11,04,2020,86,39,73,22
6,12,04,2020,00,06,84,36
0,13,04,2020,42,41,80,80
1,14,04,2020,37,89,77,39
2,15,04,2020,58,23,13,07
3,16,04,2020,73,32,59,94
4,17,04,2020,35,97,29,55
5,18,04,2020,79,96,98,93
6,19,04,2020,36,02,18,26
0,20,04,2020,05,35,59,13
1,21,04,2020,94,23,49,36
2,22,04,2020,28,99,55,07
3,23,04,2020,23,21,26,24
4,24,04,2020,77,70,55,95
5,25,04,2020,48,33,00,65
6,26,04,2020,55,82,59,59
0,27,04,2020,37,12,50,12
1,28,04,2020,04,89,75,17
2,29,04,2020,35,85,20,74
3,30,04,2020,79,-1,-1,-1
4,01,05,2020,-1,72,60,70
5,02,05,2020,60,96,68,82
6,03,05,2020,92,94,00,75
0,04,05,2020,22,37,99,30
1,05,05,2020,68,63,94,69
2,06,05,2020,84,68,84,30
3,07,05,2020,58,06,54,96
4,08,05,2020,10,43,22,69
5,09,05,2020,50,18,54,62
6,10,05,2020,48,29,14,93
0,11,05,2020,96,47,21,12
1,12,05,2020,28,14,29,74
2,13,05,2020,39,70,64,91
3,14,05,2020,90,39,00,33
4,15,05,2020,23,49,80,69
5,16,05,2020,52,91,14,13
6,17,05,2020,69,75,44,70
0,18,05,2020,84,61,97,02
1,19,05,2020,49,22,11,67
2,20,05,2020,92,56,58,50
3,21,05,2020,74,61,31,39
4,22,05,2020,74,41,24,16
5,23,05,2020,68,64,11,04
6,24,05,2020,65,07,80,05
0,25,05,2020,05,18,24,53
1,26,05,2020,92,78,00,31
2,27,05,2020,44,13,19,75
3,28,05,2020,75,52,13,77
4,29,05,2020,15,54,85,56
5,30,05,2020,35,28,99,91
6,31,05,2020,32,-1,-1,-1
0,01,06,2020,-1,49,85,61
1,02,06,2020,09,75,90,19
2,03,06,2020,28,29,91,87
3,04,06,2020,18,75,97,87
4,05,06,2020,06,89,90,34
5,06,06,2020,28,93,23,50
6,07,06,2020,56,72,93,95
0,08,06,2020,39,31,30,10
1,09,06,2020,41,84,63,86
2,10,06,2020,10,25,20,70
3,11,06,2020,43,63,16,19
4,12,06,2020,43,51,45,79
5,13,06,2020,64,33,04,05
6,14,06,2020,84,45,06,52
0,15,06,2020,24,86,52,93
1,16,06,2020,51,99,25,88
2,17,06,2020,41,03,95,14
3,18,06,2020,84,37,33,52
4,19,06,2020,78,25,13,02
5,20,06,2020,04,52,38,87
6,21,06,2020,56,46,15,72
0,22,06,2020,72,82,38,53
1,23,06,2020,16,40,37,82
2,24,06,2020,78,78,20,97
3,25,06,2020,62,46,12,66
4,26,06,2020,46,31,77,87
5,27,06,2020,50,60,96,61
6,28,06,2020,68,96,44,60
0,29,06,2020,06,60,93,75
1,30,06,2020,47,-1,-1,-1
2,01,07,2020,-1,88,26,55
3,02,07,2020,12,79,27,91
4,03,07,2020,61,64,74,58
5,04,07,2020,36,99,57,52
6,05,07,2020,99,71,81,72
0,06,07,2020,57,58,37,70
1,07,07,2020,98,82,12,31
2,08,07,2020,74,56,74,89
3,09,07,2020,64,24,22,15
4,10,07,2020,27,88,19,04
5,11,07,2020,15,22,22,99
6,12,07,2020,95,32,05,26
0,13,07,2020,60,24,18,66
1,14,07,2020,12,55,15,64
2,15,07,2020,95,27,36,77
3,16,07,2020,80,73,31,57
4,17,07,2020,65,02,19,71
5,18,07,2020,93,61,56,25
6,19,07,2020,61,70,59,39
0,20,07,2020,99,18,70,62
1,21,07,2020,95,54,62,19
2,22,07,2020,44,53,67,07
3,23,07,2020,20,98,39,53
4,24,07,2020,89,65,28,82
5,25,07,2020,30,98,38,34
6,26,07,2020,60,12,02,34
0,27,07,2020,26,18,87,81
1,28,07,2020,18,52,17,43
2,29,07,2020,39,65,05,66
3,30,07,2020,75,09,03,15
4,31,07,2020,69,-1,-1,-1
5,01,08,2020,-1,93,44,62
6,02,08,2020,37,61,47,97
0,03,08,2020,44,71,94,04
1,04,08,2020,81,60,30,17
2,05,08,2020,88,64,51,98
3,06,08,2020,33,96,16,38
4,07,08,2020,89,65,56,56
5,08,08,2020,18,86,16,46
6,09,08,2020,49,69,14,31
0,10,08,2020,45,44,42,87
1,11,08,2020,24,70,89,05
2,12,08,2020,43,55,26,49
3,13,08,2020,27,21,47,71
4,14,08,2020,46,58,34,49
5,15,08,2020,94,14,03,24
6,16,08,2020,20,21,63,63
0,17,08,2020,24,94,12,68
1,18,08,2020,33,09,66,70
2,19,08,2020,54,72,08,30
3,20,08,2020,43,50,93,26
4,21,08,2020,40,08,50,38
5,22,08,2020,01,62,68,78
6,23,08,2020,52,10,08,01
0,24,08,2020,81,59,24,86
1,25,08,2020,45,73,17,68
2,26,08,2020,73,33,30,86
3,27,08,2020,87,80,94,54
4,28,08,2020,29,35,93,20
5,29,08,2020,93,18,24,70
6,30,08,2020,64,35,08,91
0,31,08,2020,71,-1,-1,-1
1,01,09,2020,-1,96,41,33
2,02,09,2020,86,50,07,01
3,03,09,2020,55,07,23,91
4,04,09,2020,55,40,44,03
5,05,09,2020,52,23,58,57
6,06,09,2020,43,92,15,30
0,07,09,2020,83,14,91,08
1,08,09,2020,29,47,85,08
2,09,09,2020,74,87,33,04
3,10,09,2020,73,34,36,08
4,11,09,2020,16,53,17,78
5,12,09,2020,44,95,00,38
6,13,09,2020,37,51,84,67
0,14,09,2020,99,96,45,27
1,15,09,2020,51,79,42,99
2,16,09,2020,88,04,52,95
3,17,09,2020,79,28,96,78
4,18,09,2020,74,12,42,12
5,19,09,2020,59,03,94,54
6,20,09,2020,41,91,21,02
0,21,09,2020,72,97,96,71
1,22,09,2020,87,26,33,55
2,23,09,2020,42,55,71,38
3,24,09,2020,61,64,13,28
4,25,09,2020,79,66,27,69
5,26,09,2020,33,03,86,55
6,27,09,2020,19,51,83,02
0,28,09,2020,95,63,69,59
1,29,09,2020,33,08,72,65
2,30,09,2020,87,-1,-1,-1
3,01,10,2020,-1,94,44,82
4,02,10,2020,94,86,00,05
5,03,10,2020,78,43,63,36
6,04,10,2020,25,10,25,85
0,05,10,2020,27,98,26,97
1,06,10,2020,75,28,07,00
2,07,10,2020,09,30,80,48
3,08,10,2020,45,77,71,14
4,09,10,2020,13,66,02,25
5,10,10,2020,91,59,57,89
6,11,10,2020,41,57,75,91
0,12,10,2020,97,01,41,26
1,13,10,2020,09,20,35,23
2,14,10,2020,96,87,20,34
3,15,10,2020,94,38,37,38
4,16,10,2020,19,70,92,43
5,17,10,2020,03,83,72,07
6,18,10,2020,23,90,13,67
0,19,10,2020,91,62,62,32
1,20,10,2020,57,69,90,82
2,21,10,2020,83,34,74,04
3,22,10,2020,74,58,63,01
4,23,10,2020,13,38,23,65
5,24,10,2020,75,82,01,88
6,25,10,2020,56,86,38,04
0,26,10,2020,23,50,12,30
1,27,10,2020,61,40,09,05
2,28,10,2020,16,55,68,42
3,29,10,2020,47,42,54,90
4,30,10,2020,41,37,10,29
5,31,10,2020,36,-1,-1,-1
6,01,11,2020,-1,30,42,28
0,02,11,2020,59,34,21,43
1,03,11,2020,71,51,26,74
2,04,11,2020,01,84,41,57
3,05,11,2020,88,08,53,17
4,06,11,2020,73,53,77,75
5,07,11,2020,67,22,38,67
6,08,11,2020,31,98,30,98
0,09,11,2020,65,59,30,88
1,10,11,2020,22,31,45,57
2,11,11,2020,41,49,07,13
3,12,11,2020,69,34,09,65
4,13,11,2020,92,60,31,50
5,14,11,2020,33,27,31,27
6,15,11,2020,43,06,35,69
0,16,11,2020,05,91,09,08
1,17,11,2020,49,09,95,49
2,18,11,2020,47,86,36,19
3,19,11,2020,29,70,04,06
4,20,11,2020,36,97,79,89
5,21,11,2020,26,74,98,48
6,22,11,2020,09,66,56,71
0,23,11,2020,04,31,74,48
1,24,11,2020,63,08,70,77
2,25,11,2020,64,98,85,05
3,26,11,2020,70,92,48,71
4,27,11,2020,12,51,87,44
5,28,11,2020,62,62,45,72
6,29,11,2020,89,32,63,26
0,30,11,2020,27,-1,-1,-1
1,01,12,2020,-1,95,53,74
2,02,12,2020,37,20,13,88
3,03,12,2020,24,60,91,63
4,04,12,2020,69,63,98,92
5,05,12,2020,94,58,10,40
6,06,12,2020,92,01,81,06
0,07,12,2020,95,45,56,12
1,08,12,2020,86,66,21,01
2,09,12,2020,15,49,89,32
3,10,12,2020,85,97,59,96
4,11,12,2020,26,85,97,08
5,12,12,2020,58,55,97,85
6,13,12,2020,69,21,40,37
0,14,12,2020,15,33,77,95
1,15,12,2020,54,19,81,53
2,16,12,2020,62,39,30,20
3,17,12,2020,31,28,35,58
4,18,12,2020,26,25,66,70
5,19,12,2020,75,80,10,32
6,20,12,2020,06,11,60,35
0,21,12,2020,79,77,20,51
1,22,12,2020,79,37,11,39
2,23,12,2020,19,01,80,72
3,24,12,2020,58,27,47,46
4,25,12,2020,07,97,37,01
5,26,12,2020,14,35,43,96
6,27,12,2020,18,27,11,37
0,28,12,2020,18,83,36,46
1,29,12,2020,44,84,91,98
2,30,12,2020,13,06,84,53
3,31,12,2020,19,-1,-1,-1
4,01,01,2021,-1,71,40,04
5,02,01,2021,88,52,12,66
6,03,01,2021,52,54,72,40
0,04,01,2021,49,32,28,34
1,05,01,2021,82,85,49,32
2,06,01,2021,00,17,16,77
3,07,01,2021,62,71,74,15
4,08,01,2021,77,36,67,36
5,09,01,2021,60,16,79,64
6,10,01,2021,37,68,71,92
0,11,01,2021,58,12,61,05
1,12,01,2021,64,04,68,06
2,13,01,2021,88,68,51,71
3,14,01,2021,49,76,02,87
4,15,01,2021,38,38,42,08
5,16,01,2021,87,25,81,32
6,17,01,2021,22,38,17,59
0,18,01,2021,40,96,77,55
1,19,01,2021,85,97,93,47
2,20,01,2021,54,78,40,82
3,21,01,2021,87,73,91,48
4,22,01,2021,10,58,80,95
5,23,01,2021,60,11,49,74
6,24,01,2021,23,99,08,66
0,25,01,2021,66,38,07,49
1,26,01,2021,67,79,02,40
2,27,01,2021,11,17,80,20
3,28,01,2021,76,41,08,62
4,29,01,2021,40,13,81,18
5,30,01,2021,68,99,21,84
6,31,01,2021,63,-1,-1,-1
0,01,02,2021,-1,47,92,91
1,02,02,2021,72,99,60,07
2,03,02,2021,67,46,69,65
3,04,02,2021,42,70,96,65
4,05,02,2021,85,64,52,22
5,06,02,2021,11,64,00,74
6,07,02,2021,22,61,80,30
0,08,02,2021,91,21,32,66
1,09,02,2021,68,01,15,45
2,10,02,2021,19,78,24,41
3,11,02,2021,74,01,85,20
4,12,02,2021,45,00,04,27
5,13,02,2021,07,49,92,19
6,14,02,2021,57,42,62,73
0,15,02,2021,00,64,94,32
1,16,02,2021,54,73,52,90
2,17,02,2021,24,04,59,48
3,18,02,2021,80,95,25,17
4,19,02,2021,52,80,93,59
5,20,02,2021,51,07,95,30
6,21,02,2021,18,76,68,28
0,22,02,2021,07,72,66,32
1,23,02,2021,72,91,01,61
2,24,02,2021,85,63,48,38
3,25,02,2021,77,80,28,73
4,26,02,2021,35,80,85,48
5,27,02,2021,93,64,26,38
6,28,02,2021,64,-1,-1,-1
0,01,03,2021,-1,34,83,26
1,02,03,2021,70,16,06,05
2,03,03,2021,97,08,99,22
3,04,03,2021,06,28,53,34
4,05,03,2021,42,19,24,39
5,06,03,2021,52,55,91,91
6,07,03,2021,98,84,96,51
0,08,03,2021,11,82,36,32
1,09,03,2021,36,79,55,94
2,10,03,2021,82,44,31,34
3,11,03,2021,28,73,19,71
4,12,03,2021,84,99,90,04
5,13,03,2021,02,79,93,69
6,14,03,2021,68,65,15,93
0,15,03,2021,67,27,45,61
1,16,03,2021,54,62,11,58
2,17,03,2021,05,40,85,68
3,18,03,2021,82,48,23,96
4,19,03,2021,95,27,05,83
5,20,03,2021,42,83,99,92
6,21,03,2021,72,24,65,43
0,22,03,2021,95,13,04,31
1,23,03,2021,94,45,80,01
2,24,03,2021,15,53,59,59
3,25,03,2021,42,00,22,90
4,26,03,2021,46,69,67,46
5,27,03,2021,95,22,96,99
6,28,03,2021,26,60,45,31
0,29,03,2021,91,85,58,53
1,30,03,2021,67,65,39,25
2,31,03,2021,31,-1,-1,-1
3,01,04,2021,-1,77,63,65
4,02,04,2021,51,53,17,25
5,03,04,2021,30,02,11,09
6,04,04,2021,24,30,09,30
0,05,04,2021,72,93,06,38
1,06,04,2021,13,22,25,04
2,07,04,2021,00,04,09,46
3,08,04,2021,36,16,90,12
4,09,04,2021,69,70,02,24
5,10,04,2021,76,70,75,61
6,11,04,2021,05,80,83,27
0,12,04,2021,52,40,07,29
1,13,04,2021,71,76,84,48
2,14,04,2021,62,38,53,90
3,15,04,2021,60,89,54,51
4,16,04,2021,57,36,80,78
5,17,04,2021,41,92,67,87
6,18,04,2021,39,13,83,90
0,19,04,2021,63,29,11,24
1,20,04,2021,63,72,24,57
2,21,04,2021,38,87,97,24
3,22,04,2021,93,26,18,02
4,23,04,2021,02,75,53,44
5,24,04,2021,39,04,15,69
6,25,04,2021,93,89,84,22
0,26,04,2021,44,83,47,21
1,27,04,2021,77,53,33,18
2,28,04,2021,97,92,74,44
3,29,04,2021,54,25,21,62
4,30,04,2021,14,-1,-1,-1
5,01,05,2021,-1,29,40,69
6,02,05,2021,78,93,00,59
0,03,05,2021,27,96,17,86
1,04,05,2021,65,23,88,59
2,05,05,2021,09,26,05,25
3,06,05,2021,08,62,26,68
4,07,05,2021,36,58,46,18
5,08,05,2021,26,54,70,68
6,09,05,2021,54,19,12,76
0,10,05,2021,30,47,53,14
1,11,05,2021,87,64,61,99
2,12,05,2021,39,98,55,79
3,13,05,2021,49,03,20,12
4,14,05,2021,20,90,44,20
5,15,05,2021,41,53,52,65
6,16,05,2021,33,53,24,30
0,17,05,2021,70,10,99,76
1,18,05,2021,89,51,83,51
2,19,05,2021,08,14,46,33
3,20,05,2021,76,01,56,76
4,21,05,2021,14,50,48,94
5,22,05,2021,63,71,81,89
6,23,05,2021,41,60,98,61
0,24,05,2021,58,89,67,53
1,25,05,2021,61,82,88,87
2,26,05,2021,56,09,48,90
3,27,05,2021,20,43,05,39
4,28,05,2021,88,12,75,14
5,29,05,2021,58,39,83,79
6,30,05,2021,71,73,84,16
0,31,05,2021,55,-1,-1,-1
1,01,06,2021,-1,48,97,66
2,02,06,2021,88,18,16,42
3,03,06,2021,45,47,32,55
4,04,06,2021,39,98,23,33
5,05,06,2021,29,73,24,82
6,06,06,2021,97,43,88,57
0,07,06,2021,01,87,41,40
1,08,06,2021,25,11,99,55
2,09,06,2021,23,11,60,99
3,10,06,2021,15,98,97,25
4,11,06,2021,47,82,09,06
5,12,06,2021,15,46,41,98
6,13,06,2021,47,92,21,41
0,14,06,2021,75,17,32,93
1,15,06,2021,21,48,87,34
2,16,06,2021,39,64,46,06
3,17,06,2021,30,95,36,84
4,18,06,2021,65,61,05,34
5,19,06,2021,33,82,04,75
6,20,06,2021,94,36,20,31
0,21,06,2021,09,60,04,75
1,22,06,2021,70,31,65,99
2,23,06,2021,74,63,70,57
3,24,06,2021,72,59,05,36
4,25,06,2021,19,73,76,97
5,26,06,2021,38,32,06,82
6,27,06,2021,40,72,94,17
0,28,06,2021,71,24,71,31
1,29,06,2021,27,60,46,81
2,30,06,2021,14,-1,-1,-1
3,01,07,2021,-1,38,34,74
4,02,07,2021,08,08,08,60
5,03,07,2021,13,86,75,35
6,04,07,2021,27,05,90,89
0,05,07,2021,75,93,18,77
1,06,07,2021,58,94,11,21
2,07,07,2021,05,94,03,95
3,08,07,2021,91,59,91,45
4,09,07,2021,57,13,78,34
5,10,07,2021,05,85,35,73
6,11,07,2021,61,48,87,52
0,12,07,2021,84,13,11,93
1,13,07,2021,64,83,30,85
2,14,07,2021,83,54,44,12
3,15,07,2021,60,54,33,53
4,16,07,2021,11,24,61,76
5,17,07,2021,81,16,40,43
6,18,07,2021,47,29,01,59
0,19,07,2021,74,41,12,01
1,20,07,2021,37,83,49,61
2,21,07,2021,76,66,76,49
3,22,07,2021,56,17,82,23
4,23,07,2021,19,22,01,29
5,24,07,2021,56,88,77,64
6,25,07,2021,35,20,16,06
0,26,07,2021,82,01,02,31
1,27,07,2021,35,48,84,49
2,28,07,2021,40,99,25,01
3,29,07,2021,88,32,27,06
4,30,07,2021,77,86,03,89
5,31,07,2021,28,-1,-1,-1
6,01,08,2021,-1,56,89,19
0,02,08,2021,14,09,58,82
1,03,08,2021,39,68,48,91
2,04,08,2021,19,59,47,84
3,05,08,2021,02,95,95,87
4,06,08,2021,45,93,35,69
5,07,08,2021,21,32,85,29
6,08,08,2021,86,91,61,66
0,09,08,2021,44,47,05,68
1,10,08,2021,81,78,27,81
2,11,08,2021,61,80,61,15
3,12,08,2021,63,57,37,46
4,13,08,2021,44,50,23,52
5,14,08,2021,45,02,68,83
6,15,08,2021,18,34,33,91
0,16,08,2021,40,19,64,12
1,17,08,2021,95,23,23,80
2,18,08,2021,44,85,22,40
3,19,08,2021,30,18,92,32
4,20,08,2021,11,34,43,63
5,21,08,2021,60,08,03,78
6,22,08,2021,03,73,52,50
0,23,08,2021,37,59,52,53
1,24,08,2021,91,74,62,08
2,25,08,2021,63,53,92,49
3,26,08,2021,29,61,58,14
4,27,08,2021,84,29,82,12
5,28,08,2021,09,98,50,92
6,29,08,2021,28,59,17,39
0,30,08,2021,63,78,61,20
1,31,08,2021,59,-1,-1,-1
2,01,09,2021,-1,05,82,56
3,02,09,2021,81,14,14,31
4,03,09,2021,80,01,88,38
5,04,09,2021,60,53,37,02
6,05,09,2021,87,11,64,22
0,06,09,2021,28,41,44,34
1,07,09,2021,46,36,14,18
2,08,09,2021,28,20,00,45
3,09,09,2021,60,86,36,58
4,10,09,2021,25,31,52,86
5,11,09,2021,98,05,40,25
6,12,09,2021,84,65,49,08
0,13,09,2021,75,36,60,75
1,14,09,2021,45,91,77,54
2,15,09,2021,69,11,10,03
3,16,09,2021,08,84,26,99
4,17,09,2021,43,60,22,59
5,18,09,2021,22,84,80,33
6,19,09,2021,15,99,78,92
0,20,09,2021,70,45,76,36
1,21,09,2021,87,23,75,72
2,22,09,2021,63,96,93,93
3,23,09,2021,01,49,68,99
4,24,09,2021,04,39,92,82
5,25,09,2021,81,97,97,75
6,26,09,2021,69,54,29,19
0,27,09,2021,57,26,00,52
1,28,09,2021,67,56,41,75
2,29,09,2021,61,20,94,96
3,30,09,2021,94,-1,-1,-1
4,01,10,2021,-1,25,70,33
5,02,10,2021,14,44,09,08
6,03,10,2021,41,76,37,17
0,04,10,2021,80,95,62,99
1,05,10,2021,21,73,36,87
2,06,10,2021,17,00,18,21
3,07,10,2021,94,26,17,93
4,08,10,2021,98,57,82,60
5,09,10,2021,62,73,58,27
6,10,10,2021,80,33,68,22
0,11,10,2021,53,99,22,71
1,12,10,2021,86,52,03,15
2,13,10,2021,50,96,32,33
3,14,10,2021,21,88,24,97
4,15,10,2021,70,23,81,48
5,16,10,2021,94,63,23,25
6,17,10,2021,75,79,50,47
0,18,10,2021,51,47,06,05
1,19,10,2021,35,06,06,91
2,20,10,2021,76,16,68,08
3,21,10,2021,64,04,84,00
4,22,10,2021,46,84,97,67
5,23,10,2021,43,70,05,78
6,24,10,2021,62,90,36,30
0,25,10,2021,46,89,15,98
1,26,10,2021,43,36,82,97
2,27,10,2021,56,43,96,42
3,28,10,2021,79,49,18,89
4,29,10,2021,32,45,03,28
5,30,10,2021,50,78,67,79
6,31,10,2021,02,-1,-1,-1
0,01,11,2021,-1,43,49,86
1,02,11,2021,86,00,44,49
2,03,11,2021,34,29,57,26
3,04,11,2021,26,41,70,28
4,05,11,2021,61,97,58,00
5,06,11,2021,79,57,56,90
6,07,11,2021,76,58,50,92
0,08,11,2021,71,20,57,07
1,09,11,2021,65,88,71,73
2,10,11,2021,89,51,39,14
3,11,11,2021,09,62,53,62
4,12,11,2021,57,70,50,40
5,13,11,2021,74,16,17,71
6,14,11,2021,05,03,66,00
0,15,11,2021,84,66,22,70
1,16,11,2021,03,81,38,42
2,17,11,2021,93,80,14,61
3,18,11,2021,43,97,88,08
4,19,11,2021,69,62,12,98
5,20,11,2021,83,94,56,47
6,21,11,2021,69,42,27,46
0,22,11,2021,40,30,16,24
1,23,11,2021,14,50,41,94
2,24,11,2021,82,99,32,32
3,25,11,2021,37,93,19,11
4,26,11,2021,49,35,40,84
5,27,11,2021,37,24,53,30
6,28,11,2021,31,42,90,67
0,29,11,2021,61,65,17,83
1,30,11,2021,06,-1,-1,-1
2,01,12,2021,-1,69,91,06
3,02,12,2021,74,75,29,49
4,03,12,2021,39,71,17,29
5,04,12,2021,69,09,42,06
6,05,12,2021,32,45,10,07
0,06,12,2021,07,82,82,17
1,07,12,2021,26,33,16,46
2,08,12,2021,13,97,72,47
3,09,12,2021,88,06,33,45
4,10,12,2021,61,02,90,43
5,11,12,2021,65,77,17,09
6,12,12,2021,30,88,97,78
0,13,12,2021,09,74,93,29
1,14,12,2021,62,21,72,02
2,15,12,2021,81,69,26,25
3,16,12,2021,12,68,38,64
4,17,12,2021,64,61,29,72
5,18,12,2021,22,74,33,29
6,19,12,2021,73,51,98,90
0,20,12,2021,72,68,75,13
1,21,12,2021,06,34,22,45
2,22,12,2021,15,13,75,81
3,23,12,2021,99,46,79,31
4,24,12,2021,34,31,10,73
5,25,12,2021,13,86,88,84
6,26,12,2021,61,33,78,21
0,27,12,2021,77,83,96,83
1,28,12,2021,35,77,25,73
2,29,12,2021,46,85,16,07
3,30,12,2021,04,88,95,28
4,31,12,2021,54,-1,-1,-1
5,01,01,2022,-1,96,15,85
6,02,01,2022,71,30,45,47
0,03,01,2022,53,89,39,70
1,04,01,2022,11,56,88,66
2,05,01,2022,81,04,90,05
3,06,01,2022,33,80,79,29
4,07,01,2022,77,08,40,03
5,08,01,2022,39,47,80,17
6,09,01,2022,47,68,43,85
0,10,01,2022,54,31,58,09
1,11,01,2022,77,10,78,72
2,12,01,2022,76,04,71,10
3,13,01,2022,28,28,76,67
4,14,01,2022,38,57,51,21
5,15,01,2022,72,21,40,42
6,16,01,2022,31,77,15,10
0,17,01,2022,54,12,02,87
1,18,01,2022,38,44,34,76
2,19,01,2022,58,80,52,84
3,20,01,2022,46,70,57,20
4,21,01,2022,18,78,74,78
5,22,01,2022,49,10,94,83
6,23,01,2022,41,94,43,36
0,24,01,2022,03,10,50,02
1,25,01,2022,71,07,64,60
2,26,01,2022,41,58,65,46
3,27,01,2022,24,12,29,68
4,28,01,2022,94,85,25,15
5,29,01,2022,38,41,97,24
6,30,01,2022,02,51,83,65
0,31,01,2022,99,-1,-1,-1
1,01,02,2022,-1,44,58,36
2,02,02,2022,56,37,33,09
3,03,02,2022,17,49,40,09
4,04,02,2022,08,32,14,67
5,05,02,2022,63,97,31,91
6,06,02,2022,86,11,37,91
0,07,02,2022,67,25,45,43
1,08,02,2022,40,21,92,62
2,09,02,2022,07,90,32,67
3,10,02,2022,38,29,07,97
4,11,02,2022,25,84,07,96
5,12,02,2022,03,92,44,87
6,13,02,2022,58,91,79,18
0,14,02,2022,92,52,02,10
1,15,02,2022,26,28,62,18
2,16,02,2022,98,95,24,78
3,17,02,2022,15,72,42,55
4,18,02,2022,44,11,24,90
5,19,02,2022,24,96,55,28
6,20,02,2022,77,60,95,92
0,21,02,2022,29,35,66,67
1,22,02,2022,42,21,94,16
2,23,02,2022,43,17,26,14
3,24,02,2022,82,58,69,97
4,25,02,2022,44,37,18,51
5,26,02,2022,59,01,66,97
6,27,02,2022,85,89,14,55
0,28,02,2022,86,-1,-1,-1
1,01,03,2022,-1,49,01,60
2,02,03,2022,92,09,81,09
3,03,03,2022,66,81,85,58
4,04,03,2022,59,69,91,81
5,05,03,2022,30,38,49,04
6,06,03,2022,69,05,75,16
0,07,03,2022,53,57,31,57
1,08,03,2022,50,90,55,30
2,09,03,2022,64,77,76,91
3,10,03,2022,12,13,50,05
4,11,03,2022,95,34,86,98
5,12,03,2022,47,59,38,64
6,13,03,2022,38,95,34,14
0,14,03,2022,94,12,01,72
1,15,03,2022,84,45,50,57
2,16,03,2022,40,25,43,85
3,17,03,2022,10,84,12,27
4,18,03,2022,62,30,52,80
5,19,03,2022,98,87,43,16
6,20,03,2022,89,70,16,01
0,21,03,2022,31,60,53,01
1,22,03,2022,59,65,33,08
2,23,03,2022,68,77,50,61
3,24,03,2022,95,62,14,54
4,25,03,2022,97,66,37,26
5,26,03,2022,91,13,54,23
6,27,03,2022,89,73,93,52
0,28,03,2022,57,66,75,73
1,29,03,2022,87,43,11,81
2,30,03,2022,34,74,72,47
3,31,03,2022,87,-1,-1,-1
4,01,04,2022,-1,52,46,22
5,02,04,2022,35,00,30,62
6,03,04,2022,25,51,33,01
0,04,04,2022,66,19,45,63
1,05,04,2022,53,12,68,30
2,06,04,2022,21,80,16,40
3,07,04,2022,12,51,12,40
4,08,04,2022,77,36,32,48
5,09,04,2022,31,58,82,42
6,10,04,2022,71,06,92,43
0,11,04,2022,49,00,83,28
1,12,04,2022,99,45,59,57
2,13,04,2022,07,33,84,53
3,14,04,2022,15,20,93,22
4,15,04,2022,99,72,56,93
5,16,04,2022,86,71,91,17
6,17,04,2022,69,43,83,55
0,18,04,2022,92,67,61,20
1,19,04,2022,61,48,64,63
2,20,04,2022,52,53,53,91
3,21,04,2022,68,86,55,63
4,22,04,2022,83,20,94,28
5,23,04,2022,67,07,69,49
6,24,04,2022,13,93,88,02
0,25,04,2022,77,85,22,94
1,26,04,2022,15,48,75,65
2,27,04,2022,68,90,98,84
3,28,04,2022,48,28,93,63
4,29,04,2022,80,37,36,42
5,30,04,2022,91,-1,-1,-1
6,01,05,2022,-1,88,51,29
0,02,05,2022,35,34,31,12
1,03,05,2022,28,19,79,99
2,04,05,2022,97,00,78,33
3,05,05,2022,25,73,02,53
4,06,05,2022,13,89,08,72
5,07,05,2022,24,59,54,68
6,08,05,2022,22,52,20,09
0,09,05,2022,24,20,98,69
1,10,05,2022,01,74,06,19
2,11,05,2022,70,06,02,42
3,12,05,2022,92,99,64,03
4,13,05,2022,84,24,30,82
5,14,05,2022,98,19,60,50
6,15,05,2022,03,66,48,54
0,16,05,2022,75,10,37,22
1,17,05,2022,43,20,37,43
2,18,05,2022,07,74,42,56
3,19,05,2022,52,98,91,86
4,20,05,2022,17,18,27,48
5,21,05,2022,50,96,01,00
6,22,05,2022,34,03,74,43
0,23,05,2022,92,20,35,72
1,24,05,2022,05,83,86,84
2,25,05,2022,31,03,36,50
3,26,05,2022,43,25,61,06
4,27,05,2022,83,81,16,24
5,28,05,2022,35,70,26,54
6,29,05,2022,70,13,78,53
0,30,05,2022,95,73,17,26
1,31,05,2022,89,-1,-1,-1
2,01,06,2022,-1,09,61,93
3,02,06,2022,98,73,37,59
4,03,06,2022,79,67,72,47
5,04,06,2022,01,27,56,18
6,05,06,2022,46,21,81,12
0,06,06,2022,05,06,98,96
1,07,06,2022,79,22,42,66
2,08,06,2022,37,41,88,55
3,09,06,2022,07,61,66,42
4,10,06,2022,47,14,71,80
5,11,06,2022,78,37,28,47
6,12,06,2022,21,36,17,66
0,13,06,2022,17,21,55,69
1,14,06,2022,65,55,81,50
2,15,06,2022,13,56,06,54
3,16,06,2022,71,44,87,83
4,17,06,2022,60,85,67,80
5,18,06,2022,21,10,08,57
6,19,06,2022,24,86,92,95
0,20,06,2022,35,52,66,53
1,21,06,2022,61,85,35,37
2,22,06,2022,85,33,66,56
3,23,06,2022,79,62,59,90
4,24,06,2022,84,51,22,15
5,25,06,2022,73,89,84,15
6,26,06,2022,79,38,12,38
0,27,06,2022,01,16,03,16
1,28,06,2022,51,96,07,00
2,29,06,2022,80,46,65,76
3,30,06,2022,45,-1,-1,-1
4,01,07,2022,-1,73,92,16
5,02,07,2022,28,35,89,77
6,03,07,2022,95,44,15,19
0,04,07,2022,75,60,52,65
1,05,07,2022,65,42,75,67
2,06,07,2022,61,29,05,94
3,07,07,2022,47,10,82,90
4,08,07,2022,69,88,60,51
5,09,07,2022,96,27,88,90
6,10,07,2022,41,87,94,98
0,11,07,2022,96,49,24,87
1,12,07,2022,63,71,71,91
2,13,07,2022,69,01,95,83
3,14,07,2022,28,52,01,08
4,15,07,2022,50,82,48,37
5,16,07,2022,60,56,05,50
6,17,07,2022,83,50,02,46
0,18,07,2022,42,68,69,83
1,19,07,2022,27,49,60,07
2,20,07,2022,41,30,39,44
3,21,07,2022,59,50,79,48
4,22,07,2022,93,91,92,86
5,23,07,2022,45,75,10,14
6,24,07,2022,89,96,46,76
0,25,07,2022,46,59,77,30
1,26,07,2022,87,64,82,91
2,27,07,2022,80,18,16,33
3,28,07,2022,03,16,83,80
4,29,07,2022,41,91,14,63
5,30,07,2022,62,22,80,70
6,31,07,2022,48,-1,-1,-1
0,01,08,2022,-1,38,54,14
1,02,08,2022,48,07,12,52
2,03,08,2022,46,22,28,27
3,04,08,2022,30,18,57,02
4,05,08,2022,73,17,02,12
5,06,08,2022,18,54,67,25
6,07,08,2022,93,34,90,55
0,08,08,2022,32,39,22,24
1,09,08,2022,69,37,67,50
2,10,08,2022,20,43,35,44
3,11,08,2022,82,32,03,06
4,12,08,2022,13,19,10,18
5,13,08,2022,82,34,77,96
6,14,08,2022,27,98,43,93
0,15,08,2022,78,62,44,92
1,16,08,2022,52,82,44,85
2,17,08,2022,93,49,22,26
3,18,08,2022,76,31,12,89
4,19,08,2022,09,39,31,89
5,20,08,2022,83,72,03,42
6,21,08,2022,49,68,31,74
0,22,08,2022,36,21,50,03
1,23,08,2022,85,12,90,95
2,24,08,2022,81,26,21,45
3,25,08,2022,10,54,94,92
4,26,08,2022,41,47,30,46
5,27,08,2022,92,88,19,06
6,28,08,2022,44,07,58,27
0,29,08,2022,20,55,41,43
1,30,08,2022,27,79,57,53
2,31,08,2022,53,-1,-1,-1
3,01,09,2022,-1,17,93,89
4,02,09,2022,65,66,30,56
5,03,09,2022,75,58,30,75
6,04,09,2022,49,00,16,03
0,05,09,2022,89,86,15,70
1,06,09,2022,03,71,46,95
2,07,09,2022,82,26,68,67
3,08,09,2022,75,32,83,02
4,09,09,2022,73,09,74,93
5,10,09,2022,49,42,64,33
6,11,09,2022,79,86,00,82
0,12,09,2022,66,65,33,82
1,13,09,2022,32,54,66,90
2,14,09,2022,52,86,94,00
3,15,09,2022,09,08,36,75
4,16,09,2022,60,63,34,62
5,17,09,2022,15,06,55,04
6,18,09,2022,15,48,92,68
0,19,09,2022,13,20,45,85
1,20,09,2022,66,03,16,70
2,21,09,2022,24,38,21,34
3,22,09,2022,15,61,44,36
4,23,09,2022,76,43,54,48
5,24,09,2022,03,61,71,30
6,25,09,2022,67,78,13,06
0,26,09,2022,05,46,86,94
1,27,09,2022,80,85,80,28
2,28,09,2022,72,54,86,58
3,29,09,2022,17,13,76,32
4,30,09,2022,79,-1,-1,-1
5,01,10,2022,-1,58,71,63
6,02,10,2022,66,95,98,85
0,03,10,2022,81,58,38,78
1,04,10,2022,55,93,00,47
2,05,10,2022,52,74,74,45
3,06,10,2022,91,03,00,50
4,07,10,2022,82,87,51,73
5,08,10,2022,30,81,95,28
6,09,10,2022,15,44,29,78
0,10,10,2022,87,40,34,20
1,11,10,2022,43,94,27,19
2,12,10,2022,77,31,02,18
3,13,10,2022,93,49,56,58
4,14,10,2022,19,87,13,31
5,15,10,2022,12,76,70,95
6,16,10,2022,78,67,63,94
0,17,10,2022,57,99,20,57
1,18,10,2022,91,40,51,16
2,19,10,2022,59,96,21,42
3,20,10,2022,45,55,36,96
4,21,10,2022,28,20,20,20
5,22,10,2022,76,04,59,80
6,23,10,2022,59,47,66,27
0,24,10,2022,89,48,32,95
1,25,10,2022,81,23,00,36
2,26,10,2022,94,30,11,43
3,27,10,2022,72,39,32,39
4,28,10,2022,69,65,71,15
5,29,10,2022,22,60,74,76
6,30,10,2022,86,28,60,72
0,31,10,2022,27,-1,-1,-1
1,01,11,2022,-1,62,70,13
2,02,11,2022,47,32,83,04
3,03,11,2022,91,80,07,03
4,04,11,2022,02,62,71,27
5,05,11,2022,42,63,11,04
6,06,11,2022,64,42,51,42
0,07,11,2022,41,33,96,69
1,08,11,2022,41,27,57,38
2,09,11,2022,90,77,26,90
3,10,11,2022,18,21,69,02
4,11,11,2022,83,40,88,60
5,12,11,2022,81,89,85,05
6,13,11,2022,70,71,21,84
0,14,11,2022,67,00,27,83
1,15,11,2022,20,09,79,76
2,16,11,2022,38,05,25,04
3,17,11,2022,70,62,84,15
4,18,11,2022,34,25,81,23
5,19,11,2022,09,93,73,95
6,20,11,2022,86,84,99,90
0,21,11,2022,99,30,59,33
1,22,11,2022,44,81,03,69
2,23,11,2022,30,48,63,84
3,24,11,2022,98,04,79,66
4,25,11,2022,51,73,03,04
5,26,11,2022,68,03,83,24
6,27,11,2022,89,67,65,45
0,28,11,2022,77,29,45,73
1,29,11,2022,48,63,56,37
2,30,11,2022,33,-1,-1,-1
3,01,12,2022,-1,22,58,32
4,02,12,2022,92,49,29,79
5,03,12,2022,48,45,41,94
6,04,12,2022,34,19,86,74
0,05,12,2022,64,85,11,31
1,06,12,2022,77,18,72,84
2,07,12,2022,66,05,45,19
3,08,12,2022,44,28,94,68
4,09,12,2022,16,29,17,24
5,10,12,2022,92,81,96,13
6,11,12,2022,24,98,23,62
0,12,12,2022,06,53,66,91
1,13,12,2022,73,52,82,15
2,14,12,2022,66,95,35,74
3,15,12,2022,96,91,94,84
4,16,12,2022,73,77,18,33
5,17,12,2022,56,61,08,00
6,18,12,2022,08,58,77,20
0,19,12,2022,66,09,53,54
1,20,12,2022,34,42,93,65
2,21,12,2022,03,32,09,29
3,22,12,2022,24,47,01,70
4,23,12,2022,39,59,07,61
5,24,12,2022,70,36,31,32
6,25,12,2022,91,31,35,49
0,26,12,2022,56,90,06,97
1,27,12,2022,40,20,15,41
2,28,12,2022,16,27,05,18
3,29,12,2022,51,98,89,73
4,30,12,2022,44,07,91,64
5,31,12,2022,52,-1,-1,-1
6,01,01,2023,-1,60,26,39
0,02,01,2023,30,68,77,97
1,03,01,2023,60,62,51,15
2,04,01,2023,77,34,06,00
3,05,01,2023,65,63,83,81
4,06,01,2023,72,45,63,41
5,07,01,2023,17,79,15,31
6,08,01,2023,74,89,46,96
0,09,01,2023,95,20,63,43
1,10,01,2023,51,39,11,79
2,11,01,2023,71,87,23,29
3,12,01,2023,99,11,55,23
4,13,01,2023,98,65,65,04
5,14,01,2023,68,23,08,89
6,15,01,2023,78,13,02,32
0,16,01,2023,29,78,83,27
1,17,01,2023,15,47,47,38
2,18,01,2023,73,44,13,60
3,19,01,2023,73,76,47,07
4,20,01,2023,16,97,41,11
5,21,01,2023,94,55,62,63
6,22,01,2023,49,29,02,41
0,23,01,2023,98,70,17,09
1,24,01,2023,93,53,39,11
2,25,01,2023,62,88,43,09
3,26,01,2023,39,46,22,27
4,27,01,2023,32,96,52,06
5,28,01,2023,97,14,41,52
6,29,01,2023,93,70,54,90
0,30,01,2023,14,96,11,52
1,31,01,2023,50,-1,-1,-1
2,01,02,2023,-1,93,75,46
3,02,02,2023,78,64,09,80
4,03,02,2023,04,54,53,76
5,04,02,2023,92,67,62,62
6,05,02,2023,52,40,96,07
0,06,02,2023,56,30,79,32
1,07,02,2023,87,42,20,65
2,08,02,2023,52,94,97,28
3,09,02,2023,42,40,78,53
4,10,02,2023,17,83,82,17
5,11,02,2023,70,14,54,05
6,12,02,2023,64,38,13,08
0,13,02,2023,35,87,90,41
1,14,02,2023,48,13,28,13
2,15,02,2023,97,42,16,04
3,16,02,2023,10,47,53,73
4,17,02,2023,35,60,31,85
5,18,02,2023,01,26,73,71
6,19,02,2023,53,39,91,39
0,20,02,2023,65,09,65,49
1,21,02,2023,06,83,68,34
2,22,02,2023,67,18,01,35
3,23,02,2023,63,02,14,24
4,24,02,2023,22,28,51,08
5,25,02,2023,65,80,50,65
6,26,02,2023,64,23,38,39
0,27,02,2023,44,62,10,74
1,28,02,2023,70,-1,-1,-1
2,01,03,2023,-1,50,59,76
3,02,03,2023,62,16,77,22
4,03,03,2023,05,81,36,79
5,04,03,2023,14,90,88,74
6,05,03,2023,91,22,74,28
0,06,03,2023,17,11,40,25
1,07,03,2023,91,87,25,86
2,08,03,2023,48,68,38,97
3,09,03,2023,26,32,23,63
4,10,03,2023,28,84,58,60
5,11,03,2023,60,55,88,38
6,12,03,2023,01,92,87,32
0,13,03,2023,34,55,07,99
1,14,03,2023,16,41,85,43
2,15,03,2023,41,43,68,37
3,16,03,2023,11,38,85,59
4,17,03,2023,08,94,61,67
5,18,03,2023,49,32,08,71
6,19,03,2023,06,19,58,82
0,20,03,2023,72,80,07,68
1,21,03,2023,11,41,03,53
2,22,03,2023,57,73,87,62
3,23,03,2023,46,66,40,99
4,24,03,2023,82,09,20,16
5,25,03,2023,58,64,07,20
6,26,03,2023,04,73,94,77
0,27,03,2023,58,30,99,90
1,28,03,2023,96,23,79,48
2,29,03,2023,76,17,96,19
3,30,03,2023,39,57,01,75
4,31,03,2023,08,-1,-1,-1
5,01,04,2023,-1,33,82,18
6,02,04,2023,39,16,13,30
0,03,04,2023,01,86,72,66
1,04,04,2023,80,88,03,50
2,05,04,2023,27,63,55,11
3,06,04,2023,84,53,73,48
4,07,04,2023,85,94,96,57
5,08,04,2023,22,87,72,81
6,09,04,2023,87,81,62,95
0,10,04,2023,15,51,63,97
1,11,04,2023,82,20,67,35
2,12,04,2023,95,41,72,30
3,13,04,2023,96,96,36,19
4,14,04,2023,26,34,60,55
5,15,04,2023,16,99,97,13
6,16,04,2023,79,53,59,25
0,17,04,2023,28,04,57,58
1,18,04,2023,35,01,79,22
2,19,04,2023,62,01,50,57
3,20,04,2023,42,41,01,25
4,21,04,2023,99,54,76,61
5,22,04,2023,55,07,99,74
6,23,04,2023,39,19,14,90
0,24,04,2023,79,78,16,37
1,25,04,2023,47,57,52,88
2,26,04,2023,27,99,01,37
3,27,04,2023,58,05,12,74
4,28,04,2023,46,76,96,06
5,29,04,2023,67,57,40,32
6,30,04,2023,01,-1,-1,-1
0,01,05,2023,-1,14,55,85
1,02,05,2023,91,74,58,94
2,03,05,2023,76,74,19,49
3,04,05,2023,81,68,19,71
4,05,05,2023,34,70,49,62
5,06,05,2023,36,15,49,44
6,07,05,2023,28,90,59,87
0,08,05,2023,04,18,50,44
1,09,05,2023,29,82,10,21
2,10,05,2023,20,50,03,15
3,11,05,2023,81,57,48,88
4,12,05,2023,17,92,26,01
5,13,05,2023,90,04,09,48
6,14,05,2023,14,17,49,40
0,15,05,2023,72,30,35,52
1,16,05,2023,99,27,21,71
2,17,05,2023,04,65,35,34
3,18,05,2023,14,34,35,08
4,19,05,2023,97,11,45,54
5,20,05,2023,85,56,29,43
6,21,05,2023,90,98,57,81
0,22,05,2023,53,42,34,74
1,23,05,2023,32,49,29,45
2,24,05,2023,38,85,32,12
3,25,05,2023,37,69,21,83
4,26,05,2023,29,38,14,63
5,27,05,2023,21,09,06,80
6,28,05,2023,84,46,00,12
0,29,05,2023,71,46,36,08
1,30,05,2023,25,97,44,66
2,31,05,2023,47,-1,-1,-1
3,01,06,2023,-1,17,60,40
4,02,06,2023,30,40,34,59
5,03,06,2023,99,77,48,80
6,04,06,2023,38,54,90,29
0,05,06,2023,76,35,15,00
1,06,06,2023,92,69,93,97
2,07,06,2023,92,68,61,81
3,08,06,2023,92,64,22,33
4,09,06,2023,64,41,48,84
5,10,06,2023,66,18,31,98
6,11,06,2023,14,35,93,64
0,12,06,2023,51,51,84,62
1,13,06,2023,11,76,56,12
2,14,06,2023,55,70,38,89
3,15,06,2023,97,58,66,85
4,16,06,2023,60,10,84,56
5,17,06,2023,79,22,14,10
6,18,06,2023,93,02,72,26
0,19,06,2023,50,78,81,73
1,20,06,2023,67,10,79,37
2,21,06,2023,68,37,63,57
3,22,06,2023,73,67,90,51
4,23,06,2023,09,18,64,71
5,24,06,2023,32,51,63,54
6,25,06,2023,63,25,51,10
0,26,06,2023,07,50,58,81
1,27,06,2023,76,89,40,21
2,28,06,2023,22,31,54,70
3,29,06,2023,63,94,95,88
4,30,06,2023,21,-1,-1,-1
5,01,07,2023,-1,75,25,48
6,02,07,2023,68,96,12,54
0,03,07,2023,51,98,97,97
1,04,07,2023,62,43,90,67
2,05,07,2023,27,68,25,59
3,06,07,2023,08,59,82,62
4,07,07,2023,99,71,01,80
5,08,07,2023,48,15,28,46
6,09,07,2023,20,74,73,04
0,10,07,2023,09,04,24,34
1,11,07,2023,96,72,82,37
2,12,07,2023,31,00,57,21
3,13,07,2023,06,09,65,28
4,14,07,2023,46,94,10,43
5,15,07,2023,60,56,27,94
6,16,07,2023,32,00,60,41
0,17,07,2023,32,49,06,03
1,18,07,2023,68,78,30,14
2,19,07,2023,16,50,01,65
3,20,07,2023,54,40,17,04
4,21,07,2023,21,13,60,34
5,22,07,2023,13,71,83,33
6,23,07,2023,56,80,18,50
0,24,07,2023,71,30,76,28
1,25,07,2023,06,78,73,41
2,26,07,2023,28,47,75,44
3,27,07,2023,98,72,63,63
4,28,07,2023,58,75,71,13
5,29,07,2023,55,62,47,97
6,30,07,2023,49,72,95,74
0,31,07,2023,35,-1,-1,-1
1,01,08,2023,-1,09,87,00
2,02,08,2023,22,89,40,40
3,03,08,2023,10,45,52,89
4,04,08,2023,94,06,13,16
5,05,08,2023,82,65,09,01
6,06,08,2023,28,02,55,75
0,07,08,2023,87,96,89,44
1,08,08,2023,36,01,22,03
2,09,08,2023,02,26,21,03
3,10,08,2023,35,86,00,58
4,11,08,2023,81,40,64,96
5,12,08,2023,62,83,72,40
6,13,08,2023,69,46,42,79
0,14,08,2023,05,54,84,64
1,15,08,2023,90,70,79,63
2,16,08,2023,36,72,87,49
3,17,08,2023,84,92,12,83
4,18,08,2023,62,67,55,47
5,19,08,2023,34,07,33,78
6,20,08,2023,48,82,73,35
0,21,08,2023,36,69,21,61
1,22,08,2023,69,75,77,00
2,23,08,2023,18,66,20,57
3,24,08,2023,45,07,18,47
4,25,08,2023,07,75,03,55
5,26,08,2023,87,72,43,71
6,27,08,2023,08,57,27,71
0,28,08,2023,69,53,89,31
1,29,08,2023,25,91,13,41
2,30,08,2023,67,16,28,78
3,31,08,2023,83,-1,-1,-1
4,01,09,2023,-1,03,96,48
5,02,09,2023,66,55,62,22
6,03,09,2023,83,52,61,16
0,04,09,2023,43,16,44,94
1,05,09,2023,02,16,74,70
2,06,09,2023,47,46,80,33
3,07,09,2023,22,24,73,62
4,08,09,2023,35,11,54,13
5,09,09,2023,66,76,58,51
6,10,09,2023,22,46,89,29
0,11,09,2023,38,38,69,48
1,12,09,2023,31,98,52,29
2,13,09,2023,08,11,39,06
3,14,09,2023,34,92,89,88
4,15,09,2023,05,49,27,26
5,16,09,2023,93,48,07,25
6,17,09,2023,54,19,89,52
0,18,09,2023,48,86,52,21
1,19,09,2023,75,39,54,38
2,20,09,2023,38,00,59,90
3,21,09,2023,03,84,18,82
4,22,09,2023,27,75,74,89
5,23,09,2023,43,80,65,60
6,24,09,2023,57,95,08,65
0,25,09,2023,54,14,28,16
1,26,09,2023,82,33,39,68
2,27,09,2023,74,81,02,96
3,28,09,2023,31,00,40,70
4,29,09,2023,18,31,11,04
5,30,09,2023,47,-1,-1,-1
6,01,10,2023,-1,19,51,59
0,02,10,2023,46,82,64,38
1,03,10,2023,08,40,02,59
2,04,10,2023,07,81,25,53
3,05,10,2023,10,83,03,89
4,06,10,2023,81,28,93,57
5,07,10,2023,79,26,24,11
6,08,10,2023,41,43,91,15
0,09,10,2023,30,65,33,96
1,10,10,2023,29,55,05,44
2,11,10,2023,35,82,01,25
3,12,10,2023,44,56,80,64
4,13,10,2023,89,53,10,15
5,14,10,2023,33,97,14,07
6,15,10,2023,44,22,43,83
0,16,10,2023,82,82,22,12
1,17,10,2023,52,98,12,48
2,18,10,2023,66,87,63,31
3,19,10,2023,95,10,06,47
4,20,10,2023,33,78,40,39
5,21,10,2023,81,37,50,26
6,22,10,2023,60,87,95,06
0,23,10,2023,98,45,66,21
1,24,10,2023,59,26,80,98
2,25,10,2023,69,16,21,91
3,26,10,2023,12,87,24,04
4,27,10,2023,03,98,86,46
5,28,10,2023,86,75,94,93
6,29,10,2023,18,94,11,83
0,30,10,2023,64,98,63,19
1,31,10,2023,78,-1,-1,-1
2,01,11,2023,-1,88,16,44
3,02,11,2023,85,56,60,97
4,03,11,2023,56,24,93,37
5,04,11,2023,96,62,24,59
6,05,11,2023,10,12,05,33
0,06,11,2023,79,13,70,75
1,07,11,2023,54,38,34,02
2,08,11,2023,15,48,95,76
3,09,11,2023,39,30,84,07
4,10,11,2023,57,04,68,68
5,11,11,2023,03,58,99,58
6,12,11,2023,83,47,72,32
0,13,11,2023,96,61,13,83
1,14,11,2023,66,59,29,95
2,15,11,2023,29,12,65,87
3,16,11,2023,91,69,97,51
4,17,11,2023,83,54,97,25
5,18,11,2023,51,54,17,95
6,19,11,2023,95,72,56,37
0,20,11,2023,45,03,01,81
1,21,11,2023,93,79,19,16
2,22,11,2023,06,43,96,88
3,23,11,2023,93,42,52,71
4,24,11,2023,50,61,05,64
5,25,11,2023,65,46,24,17
6,26,11,2023,01,24,02,42
0,27,11,2023,05,32,92,58
1,28,11,2023,30,61,06,37
2,29,11,2023,57,25,80,51
3,30,11,2023,70,-1,-1,-1
4,01,12,2023,-1,38,39,78
5,02,12,2023,45,11,73,59
6,03,12,2023,30,19,13,64
0,04,12,2023,16,98,44,33
1,05,12,2023,84,29,22,28
2,06,12,2023,17,86,98,36
3,07,12,2023,32,98,16,97
4,08,12,2023,11,04,16,27
5,09,12,2023,31,82,37,88
6,10,12,2023,34,10,68,44
0,11,12,2023,31,71,06,64
1,12,12,2023,46,33,87,11
2,13,12,2023,21,78,26,75
3,14,12,2023,47,87,24,01
4,15,12,2023,17,20,61,03
5,16,12,2023,26,66,11,56
6,17,12,2023,91,55,42,07
0,18,12,2023,42,17,15,55
1,19,12,2023,04,88,02,35
2,20,12,2023,36,57,88,57
3,21,12,2023,19,47,19,52
4,22,12,2023,73,63,60,88
5,23,12,2023,87,53,32,27
6,24,12,2023,85,51,66,74
0,25,12,2023,42,72,47,30
1,26,12,2023,56,47,07,37
2,27,12,2023,59,29,85,08
3,28,12,2023,44,39,41,14
4,29,12,2023,21,80,35,98
5,30,12,2023,72,66,88,62
6,31,12,2023,29,-1,-1,-1
0,01,01,2024,-1,57,68,27
1,02,01,2024,62,40,10,10
2,03,01,2024,32,70,06,10
3,04,01,2024,03,18,62,03
4,05,01,2024,29,41,15,36
5,06,01,2024,53,90,94,78
6,07,01,2024,29,20,02,80
0,08,01,2024,73,39,84,06
1,09,01,2024,70,51,65,81
2,10,01,2024,53,22,90,65
3,11,01,2024,15,99,34,14
4,12,01,2024,16,33,16,36
5,13,01,2024,45,32,43,37
6,14,01,2024,10,95,98,56
0,15,01,2024,27,95,37,94
1,16,01,2024,90,79,60,51
2,17,01,2024,84,01,87,68
3,18,01,2024,33,57,19,64
4,19,01,2024,39,57,41,87
5,20,01,2024,65,01,99,94
6,21,01,2024,86,63,47,64
0,22,01,2024,79,61,35,49
1,23,01,2024,19,87,09,68
2,24,01,2024,59,08,92,34
3,25,01,2024,17,59,22,10
4,26,01,2024,54,84,46,91
5,27,01,2024,34,71,99,79
6,28,01,2024,60,12,31,02
0,29,01,2024,34,20,51,64
1,30,01,2024,61,99,84,08
2,31,01,2024,04,-1,-1,-1
3,01,02,2024,-1,97,22,84
4,02,02,2024,27,48,61,97
5,03,02,2024,87,27,98,93
6,04,02,2024,62,76,25,62
0,05,02,2024,51,33,83,24
1,06,02,2024,21,64,38,40
2,07,02,2024,26,30,99,98
3,08,02,2024,18,13,84,40
4,09,02,2024,86,98,59,39
5,10,02,2024,32,68,86,68
6,11,02,2024,94,50,42,02
0,12,02,2024,11,44,38,55
1,13,02,2024,29,24,74,36
2,14,02,2024,75,24,87,50
3,15,02,2024,89,73,25,97
4,16,02,2024,80,94,14,94
5,17,02,2024,05,78,68,36
6,18,02,2024,07,37,92,04
0,19,02,2024,32,26,69,97
1,20,02,2024,90,61,56,57
2,21,02,2024,94,25,12,70
3,22,02,2024,42,56,07,07
4,23,02,2024,98,94,76,88
5,24,02,2024,60,92,95,91
6,25,02,2024,72,50,90,67
0,26,02,2024,74,90,08,53
1,27,02,2024,09,87,46,78
2,28,02,2024,95,50,58,25
3,29,02,2024,06,-1,-1,-1
4,01,03,2024,-1,31,30,71
5,02,03,2024,21,07,63,52
6,03,03,2024,85,32,17,55
0,04,03,2024,17,53,93,14
1,05,03,2024,78,32,77,35
2,06,03,2024,83,62,91,99
3,07,03,2024,02,43,59,78
4,08,03,2024,90,47,52,58
5,09,03,2024,68,53,83,13
6,10,03,2024,20,05,94,52
0,11,03,2024,17,25,91,19
1,12,03,2024,04,42,50,94
2,13,03,2024,57,07,17,18
3,14,03,2024,39,67,25,77
4,15,03,2024,37,08,47,73
5,16,03,2024,99,25,31,41
6,17,03,2024,57,12,58,77
0,18,03,2024,22,98,01,96
1,19,03,2024,95,42,55,22
2,20,03,2024,83,-1,-1,-1
